date,close_x,volume_x,price_change,temp,dew,humidity,precip,windspeed,conditions,open,high,low,close_y,volume_y
2023-01-03,,30127.0,,9.2,6.5,83.6,0.498,13.2,Rain,19.01,19.1089,18.61,18.85,30127
2023-01-04,,55587.0,,14.7,6.5,60.4,0.002,57.3,Rain,18.92,19.49,18.92,19.3,55587
2023-01-05,,26020.0,-1.4507772020725396,13.3,7.8,69.6,3.21,38.8,"Rain, Partially cloudy",19.29,19.33,19.01,19.02,26020
2023-01-06,,30180.0,,10.2,5.8,75.6,0.0,14.8,Clear,19.28,19.57,19.0783,19.47,30180
2023-01-09,,22132.0,-0.5649717514124242,15.8,10.7,72.3,20.69,29.5,"Rain, Overcast",19.345,19.79,19.3,19.36,22132
2023-01-10,,18463.0,1.7045454545454586,13.1,7.7,70.3,3.197,22.4,"Rain, Partially cloudy",19.44,19.75,19.31,19.69,18463
2023-01-11,,26258.0,1.0157440325037959,12.0,5.4,65.0,0.002,13.0,"Rain, Partially cloudy",19.8,19.9,19.64,19.89,26258
2023-01-12,,23548.0,0.8547008547008517,14.4,1.5,47.3,0.0,42.2,Clear,19.98,20.24,19.8301,20.06,23548
2023-01-13,,22218.0,0.6480558325025143,15.6,3.1,44.9,0.0,31.4,Clear,19.94,20.19,19.89,20.19,22218
2023-01-17,,25520.0,0.3962357602773636,7.2,4.6,83.9,0.303,16.6,"Rain, Partially cloudy",20.24,20.35,20.08,20.27,25520
2023-01-18,,28414.0,,7.5,2.8,74.2,0.0,9.4,Clear,20.29,20.6,19.65,19.69,28414
2023-01-19,,19002.0,0.1015744032503818,7.0,3.6,79.1,0.009,20.7,"Rain, Partially cloudy",19.68,19.89,19.645,19.71,19002
2023-01-20,,47891.0,1.3698630136986356,7.5,3.1,74.9,0.0,12.9,Partially cloudy,19.88,20.075,19.6247,19.98,47891
2023-01-23,,42316.0,-0.7007007007007071,6.8,1.1,69.0,0.0,11.4,Clear,19.85,19.98,19.67,19.84,42316
2023-01-24,,17182.0,0.504032258064524,7.1,1.8,70.5,0.0,11.2,Clear,19.9,20.0803,19.72,19.94,17182
2023-01-25,,19899.0,0.9027081243731194,8.6,3.7,72.6,0.0,13.2,Clear,19.9,20.18,19.86,20.12,19899
2023-01-26,,57459.0,0.8946322067594492,9.5,4.0,70.6,0.0,20.7,Clear,20.21,20.645,20.04,20.3,57459
2023-01-27,,21078.0,-2.266009852216755,9.9,3.5,66.1,0.0,11.2,Clear,20.33,20.33,19.77,19.84,21078
2023-01-30,,51058.0,-0.8568548387096642,6.8,4.9,88.2,3.854,17.7,"Rain, Overcast",19.64,19.855,19.59,19.67,51058
2023-01-31,,74660.0,1.7793594306049654,8.3,3.3,71.8,0.0,14.9,Partially cloudy,19.72,20.125,19.6718,20.02,74660
2023-02-01,,47960.0,0.6493506493506551,8.0,1.7,67.2,0.0,9.4,Clear,19.97,20.33,19.9065,20.15,47960
2023-02-02,,59556.0,0.992555831265518,9.6,3.1,65.3,0.0,16.4,Clear,20.2,20.42,20.08,20.35,59556
2023-02-03,,50165.0,0.14742014742012977,11.9,3.2,57.4,0.0,13.0,Clear,20.25,20.49,20.12,20.38,50165
2023-02-06,,22084.0,-1.6683022571148176,8.1,4.5,79.1,0.298,11.1,"Rain, Partially cloudy",20.36,20.36,19.92,20.04,22084
2023-02-07,,22602.0,0.04990019960080527,8.4,3.5,72.9,0.0,16.2,Clear,20.01,20.19,19.9178,20.05,22602
2023-02-08,,18157.0,-2.244389027431415,9.7,5.0,73.8,0.0,11.0,Clear,19.89,20.04,19.55,19.6,18157
2023-02-09,,32721.0,-0.40816326530612734,11.2,6.2,72.9,0.0,11.3,Clear,19.705,19.765,19.41,19.52,32721
2023-02-10,,13710.0,0.15368852459016757,13.2,3.1,59.0,0.0,20.4,Clear,19.46,19.6,19.4,19.55,13710
2023-02-13,,32345.0,1.17647058823529,11.6,2.9,57.7,0.0,18.5,Clear,19.46,19.82,19.46,19.78,32345
2023-02-14,,21263.0,-1.3144590495450026,9.3,-0.4,53.4,0.0,38.7,Partially cloudy,19.7,19.8,19.45,19.52,21263
2023-02-15,,28530.0,0.6659836065573632,5.8,-3.1,56.0,0.0,14.8,Clear,19.39,19.9,19.23,19.65,28530
2023-02-16,,46300.0,1.0687022900763399,8.4,-5.6,40.0,0.0,13.1,Clear,19.48,19.99,19.43,19.86,46300
2023-02-17,,50989.0,0.7049345417925457,10.7,-6.2,30.7,0.0,24.1,Clear,19.95,20.04,19.6501,20.0,50989
2023-02-21,,85156.0,,12.4,1.1,48.2,0.027,42.7,Rain,19.92,20.04,18.86,18.92,85156
2023-02-22,,36877.0,1.84989429175475,6.5,-0.9,60.3,1.792,30.0,"Rain, Partially cloudy",19.0,19.5,18.917,19.27,36877
2023-02-23,,37148.0,1.193565127140639,6.3,0.4,67.6,2.554,18.2,"Rain, Partially cloudy",19.5,19.6,19.05,19.5,37148
2023-02-24,,31524.0,-0.9743589743589798,10.1,2.3,60.7,19.275,54.7,"Rain, Partially cloudy",19.25,19.56,19.17,19.31,31524
2023-02-27,,30126.0,-0.051786639047113336,10.0,4.5,69.6,0.352,24.1,"Rain, Partially cloudy",19.5,19.58,19.28,19.3,30126
2023-02-28,,81205.0,-0.4663212435233155,9.0,4.0,72.1,4.35,13.1,"Rain, Partially cloudy",19.15,19.39,19.08,19.21,81205
2023-03-01,,35532.0,1.0931806350858997,7.0,1.9,71.2,3.967,37.1,"Rain, Overcast",19.21,19.55,19.17,19.42,35532
2023-03-02,,37419.0,-0.154479917610717,7.7,0.4,61.6,0.0,13.1,Clear,19.33,19.5,19.205,19.39,37419
2023-03-03,,51886.0,1.6503352243424363,9.5,2.0,62.1,0.0,11.3,Clear,19.54,19.79,19.305,19.71,51886
2023-03-06,,34512.0,,8.5,2.5,68.2,0.0,24.1,Partially cloudy,19.79,19.79,18.94,18.97,34512
2023-03-07,,29699.0,-0.5271481286241331,8.2,2.6,69.6,0.0,16.7,Partially cloudy,19.1,19.11,18.77,18.87,29699
2023-03-08,,31507.0,,8.9,2.1,64.5,0.0,13.1,Clear,18.97,19.47,18.84,19.45,31507
2023-03-09,18.82,24484.0,,11.6,4.0,63.3,0.805,14.7,"Rain, Partially cloudy",19.5,19.5,18.81,18.82,24484
2023-03-10,18.26,60269.0,,15.9,13.0,83.3,11.651,16.7,"Rain, Overcast",18.7,19.0032,18.04,18.26,60269
2023-03-13,17.91,45544.0,-1.91675794085433,16.7,10.0,66.9,0.0,14.9,Clear,17.94,18.44,17.82,17.91,45544
2023-03-14,18.34,49445.0,,16.0,11.2,73.6,1.871,25.7,"Rain, Partially cloudy",18.29,18.58,18.195,18.34,49445
2023-03-15,18.16,37627.0,-0.9814612868047967,13.1,10.4,84.6,25.342,26.9,"Rain, Partially cloudy",18.0,18.2033,17.82,18.16,37627
2023-03-16,18.22,35064.0,0.330396475770911,12.0,8.3,79.5,0.0,13.1,Partially cloudy,17.98,18.345,17.8212,18.22,35064
2023-03-17,17.7,84275.0,,13.3,8.8,75.7,0.0,16.5,Clear,18.05,18.05,17.61,17.7,84275
2023-03-20,17.9,39563.0,1.1299435028248483,14.2,9.0,71.7,0.0,18.4,Partially cloudy,17.91,18.12,17.8,17.9,39563
2023-03-21,18.01,34823.0,0.6145251396648233,12.5,6.3,68.0,5.686,40.4,"Rain, Partially cloudy",18.2,18.3099,17.97,18.01,34823
2023-03-22,17.5,27959.0,,10.8,5.8,72.6,0.922,16.6,"Rain, Partially cloudy",18.11,18.14,17.47,17.5,27959
2023-03-23,17.42,31769.0,-0.45714285714284486,10.6,7.9,83.8,1.816,25.9,"Rain, Overcast",17.53,17.86,17.31,17.42,31769
2023-03-24,17.57,,0.8610792192881744,9.4,4.7,74.6,0.0,24.4,Partially cloudy,17.26,17.605,16.75,17.57,102066
2023-03-27,18.26,52518.0,,11.3,-1.5,47.4,0.0,18.5,Clear,17.87,18.49,17.64,18.26,52518
2023-03-28,17.83,57015.0,-2.3548740416210467,14.5,-0.1,39.5,0.012,18.2,"Rain, Partially cloudy",18.3,18.58,17.76,17.83,57015
2023-03-29,17.91,49337.0,0.44868199663490316,10.7,5.9,73.8,11.411,27.6,"Rain, Overcast",18.07,18.07,17.49,17.91,49337
2023-03-30,17.8,69309.0,-0.6141820212171911,10.0,5.3,74.0,0.062,23.9,"Rain, Partially cloudy",17.99,18.0975,17.47,17.8,69309
2023-03-31,18.27,,,11.4,4.9,66.5,0.0,17.8,Clear,17.96,18.32,17.96,18.27,111250
2023-04-03,18.23,50061.0,-0.21893814997262506,10.4,0.1,52.0,0.0,46.4,Partially cloudy,18.41,18.41,17.805,18.23,50061
2023-04-04,17.59,45356.0,,8.2,-0.9,56.7,0.0,24.4,Clear,18.31,18.31,17.51,17.59,45356
2023-04-05,17.7,31129.0,0.6253553155201708,10.9,0.5,50.7,0.0,16.4,Clear,17.65,18.0,17.56,17.7,31129
2023-04-06,17.82,26765.0,0.6779661016949268,13.5,3.1,53.4,0.0,15.7,Clear,17.83,18.01,17.6,17.82,26765
2023-04-10,17.99,34857.0,0.9539842873176108,21.6,12.6,59.9,0.0,16.6,Clear,17.86,18.15,17.8286,17.99,34857
2023-04-11,18.02,42255.0,0.16675931072818173,18.5,11.2,64.1,0.0,18.4,Clear,18.13,18.34,17.97,18.02,42255
2023-04-12,17.88,25211.0,-0.7769145394006638,16.0,7.8,61.0,0.0,18.3,Partially cloudy,18.16,18.16,17.815,17.88,25211
2023-04-13,18.12,49065.0,1.3422818791946511,13.0,3.0,53.8,0.0,18.4,Partially cloudy,18.03,18.26,17.82,18.12,49065
2023-04-14,18.03,48724.0,-0.4966887417218513,14.6,2.5,46.5,0.0,13.2,Clear,18.15,18.15,17.9,18.03,48724
2023-04-17,18.16,44633.0,0.7210205213532994,15.5,7.5,61.7,0.0,24.2,Clear,18.17,18.18,17.935,18.16,44633
2023-04-18,17.86,21154.0,-1.6519823788546328,12.8,4.6,59.8,0.0,26.1,Partially cloudy,18.18,18.18,17.785,17.86,21154
2023-04-19,17.41,36353.0,,11.8,1.6,52.6,0.0,24.2,Partially cloudy,17.76,17.76,17.37,17.41,36353
2023-04-20,17.78,25777.0,2.1252153934520512,14.5,2.5,47.1,0.003,14.8,Rain,17.34,17.8,17.34,17.78,25777
2023-04-21,17.57,23621.0,-1.1811023622047334,18.1,5.2,45.5,0.0,14.9,Clear,17.71,17.79,17.436,17.57,23621
2023-04-24,17.57,11703.0,0.0,20.7,8.9,50.9,0.0,20.7,Clear,17.42,17.6,17.42,17.57,11703
2023-04-25,17.22,32593.0,-1.9920318725099695,20.7,6.7,44.1,0.0,18.4,Clear,17.41,17.59,17.16,17.22,32593
2023-04-26,16.98,20189.0,-1.3937282229965042,23.0,7.3,38.7,0.0,24.0,Clear,17.08,17.16,16.8,16.98,20189
2023-04-27,17.22,22305.0,1.4134275618374437,25.1,8.8,37.8,0.0,22.2,Clear,17.1,17.49,17.0271,17.22,22305
2023-04-28,17.28,22903.0,0.34843205574914826,26.8,9.5,35.6,0.0,25.7,Clear,17.25,17.48,17.08,17.28,22903
2023-05-01,17.19,19275.0,-0.520833333333337,15.8,4.7,48.8,0.003,31.5,"Rain, Partially cloudy",17.35,17.35,17.14,17.19,19275
2023-05-02,17.05,37273.0,-0.814426992437467,14.7,4.4,51.0,0.0,25.8,Partially cloudy,17.18,17.18,16.7,17.05,37273
2023-05-03,16.97,30321.0,-0.46920821114370126,14.6,4.3,53.3,0.0,27.6,Partially cloudy,17.19,17.35,16.96,16.97,30321
2023-05-04,16.7,35662.0,-1.5910430170889778,14.2,7.3,67.5,2.752,27.4,"Rain, Partially cloudy",16.72,16.97,16.58,16.7,35662
2023-05-05,16.92,27933.0,1.3173652694610904,15.4,7.6,63.8,1.112,22.2,"Rain, Partially cloudy",17.0,17.1,16.86,16.92,27933
2023-05-08,16.85,32101.0,-0.4137115839243477,17.5,7.5,54.4,0.0,20.7,Clear,17.0,17.0,16.55,16.85,32101
2023-05-09,16.88,33763.0,0.17804154302669684,16.6,7.3,56.6,0.0,35.1,Clear,16.71,16.96,16.65,16.88,33763
2023-05-10,16.96,26249.0,0.4739336492891155,17.7,6.3,49.2,0.0,28.5,Clear,17.0,17.13,16.78,16.96,26249
2023-05-11,16.81,30105.0,-0.8844339622641639,18.1,7.9,54.0,0.0,20.6,Clear,16.92,16.98,16.74,16.81,30105
2023-05-12,17.04,21882.0,1.3682331945270798,21.7,9.7,48.0,0.0,25.5,Clear,16.95,17.08,16.8,17.04,21882
2023-05-15,17.04,18435.0,0.0,27.1,8.9,32.9,0.0,23.9,Clear,17.18,17.18,16.95,17.04,18435
2023-05-16,16.74,22385.0,-1.760563380281699,26.7,12.3,43.3,0.0,16.4,Clear,16.86,16.91,16.63,16.74,22385
2023-05-17,17.13,40083.0,2.3297491039426577,28.3,10.9,35.8,0.0,18.5,Clear,16.9,17.17,16.67,17.13,40083
2023-05-18,17.16,33563.0,0.17513134851139256,27.7,9.1,35.2,0.0,22.5,Clear,16.87,17.3197,16.86,17.16,33563
2023-05-19,17.24,26055.0,0.4662004662004504,26.7,9.7,37.7,0.0,22.3,Clear,17.33,17.34,17.15,17.24,26055
2023-05-22,17.14,34785.0,-0.5800464037122866,28.2,10.9,36.2,0.0,20.5,Clear,17.38,17.46,17.0,17.14,34785
2023-05-23,17.04,38016.0,-0.583430571761967,25.7,6.4,29.6,0.0,31.5,Clear,17.3,17.39,17.0,17.04,38016
2023-05-24,16.64,29497.0,-2.3474178403755763,19.6,7.6,47.4,0.0,24.6,Clear,17.05,17.05,16.6,16.64,29497
2023-05-25,16.69,21466.0,0.30048076923077094,19.6,7.9,47.8,0.0,29.2,Clear,16.6,16.72,16.55,16.69,21466
2023-05-26,16.96,44747.0,1.6177351707609366,20.4,9.5,50.4,0.0,20.7,Partially cloudy,16.79,17.025,16.74,16.96,44747
2023-05-30,16.93,32717.0,-0.176886792452835,19.4,9.9,54.6,0.0,22.2,Partially cloudy,16.92,17.005,16.87,16.93,32717
2023-05-31,16.9,43353.0,-0.17720023626698334,21.6,9.3,46.9,0.0,24.1,Partially cloudy,16.95,16.95,16.59,16.9,43353
2023-06-01,17.07,27364.0,1.0059171597633254,22.1,8.0,41.9,0.0,24.1,Clear,16.95,17.24,16.95,17.07,27364
2023-06-02,17.98,47097.0,,22.9,7.6,38.6,0.0,24.1,Clear,17.34,18.02,17.34,17.98,47097
2023-06-05,17.12,45600.0,,24.0,10.1,41.7,0.0,31.4,Clear,17.89,17.89,17.07,17.12,45600
2023-06-06,17.85,61674.0,,19.8,11.3,59.3,6.268,31.5,"Rain, Partially cloudy",17.2,17.95,17.2,17.85,61674
2023-06-07,17.93,82112.0,0.4481792717086819,17.9,14.2,79.7,1.963,16.6,"Rain, Partially cloudy",18.06,18.37,17.64,17.93,82112
2023-06-08,18.05,40583.0,0.6692693809258188,21.4,13.8,63.8,0.0,14.9,Partially cloudy,17.99,18.13,17.71,18.05,40583
2023-06-09,17.68,28249.0,-2.0498614958448846,23.7,14.0,55.9,0.0,21.4,Partially cloudy,18.13,18.13,17.6,17.68,28249
2023-06-12,17.6,44721.0,-0.4524886877827927,21.9,10.5,50.1,0.0,22.2,Clear,17.79,17.84,17.57,17.6,44721
2023-06-13,17.85,44370.0,1.4204545454545414,23.4,12.7,52.0,0.0,24.1,Clear,17.52,17.985,17.51,17.85,44370
2023-06-14,17.89,34937.0,0.22408963585434094,25.3,12.8,48.2,0.0,19.1,Clear,17.86,17.99,17.72,17.89,34937
2023-06-15,17.96,38112.0,0.39128004471771227,26.0,13.1,46.1,0.0,24.2,Clear,17.76,18.06,17.74,17.96,38112
2023-06-16,17.9,,-0.33407572383075124,27.4,12.8,42.4,0.0,27.7,Clear,18.07,18.07,17.58,17.9,91465
2023-06-20,17.6,34719.0,-1.6759776536312665,19.7,5.1,40.0,0.026,20.7,Rain,17.9,17.9196,17.56,17.6,34719
2023-06-21,17.54,30534.0,-0.3409090909091028,21.5,3.7,33.3,0.0,18.7,Clear,17.57,17.65,17.42,17.54,30534
2023-06-22,17.2,18848.0,-1.9384264538198415,21.7,4.6,33.6,0.0,38.6,Clear,17.46,17.46,17.12,17.2,18848
2023-06-23,16.97,,-1.3372093023255816,20.0,8.1,47.3,0.0,21.9,Clear,17.02,17.15,16.92,16.97,120343
2023-06-26,17.24,37277.0,1.5910430170889889,23.6,9.6,44.8,0.0,20.6,Clear,16.95,17.45,16.95,17.24,37277
2023-06-27,17.18,23777.0,-0.34802784222737193,25.0,8.6,37.3,0.0,20.6,Clear,17.32,17.44,17.165,17.18,23777
2023-06-28,17.07,21161.0,-0.6402793946449381,25.4,10.0,39.7,0.0,22.5,Clear,17.27,17.27,17.035,17.07,21161
2023-06-29,17.44,46964.0,2.1675454012888062,28.1,12.3,38.8,0.0,18.4,Clear,17.02,17.54,17.0,17.44,46964
2023-06-30,17.21,29704.0,-1.3188073394495459,31.3,13.6,35.9,0.0,24.1,Clear,17.51,17.57,17.19,17.21,29704
2023-07-03,17.36,11312.0,0.8715862870424029,33.2,9.8,25.5,0.0,29.4,Clear,17.1,17.533,17.1,17.36,11312
2023-07-05,17.04,62990.0,-1.8433179723502335,28.9,4.9,22.7,0.0,22.3,Clear,17.34,17.34,16.95,17.04,62990
2023-07-06,16.87,33333.0,-0.9976525821596138,27.3,7.4,30.3,0.0,24.4,Clear,17.0,17.0,16.7466,16.87,33333
2023-07-07,16.96,24760.0,0.5334914048606976,26.9,9.8,36.9,0.0,18.5,Clear,16.95,17.15,16.88,16.96,24760
2023-07-10,16.95,26635.0,-0.058962264150952404,24.9,9.9,41.8,0.0,20.6,Clear,16.87,17.05,16.7528,16.95,26635
2023-07-11,16.9,39625.0,-0.2949852507374673,28.6,9.3,31.6,0.0,16.7,Clear,17.0,17.13,16.85,16.9,39625
2023-07-12,17.14,51518.0,1.4201183431952868,30.3,5.7,22.1,0.0,20.6,Clear,17.18,17.365,16.9729,17.14,51518
2023-07-13,17.01,38208.0,-0.7584597432905404,29.7,8.1,27.0,0.0,22.4,Clear,17.23,17.342,16.9301,17.01,38208
2023-07-14,17.05,39380.0,0.23515579071133885,29.9,10.4,30.6,0.0,21.9,Clear,16.99,17.11,16.79,17.05,39380
2023-07-17,17.1,57111.0,0.2932551319648091,35.3,8.6,19.7,0.0,27.7,Clear,17.04,17.42,17.04,17.1,57111
2023-07-18,17.08,64581.0,-0.11695906432750425,34.4,6.5,18.2,0.0,27.7,Clear,17.06,17.41,16.99,17.08,64581
2023-07-19,17.05,38282.0,-0.17564402810302804,32.6,8.8,23.6,0.0,22.3,Clear,17.17,17.2,16.91,17.05,38282
2023-07-20,17.32,32827.0,1.5835777126099737,31.4,12.6,34.1,0.0,18.4,Clear,17.12,17.34,17.04,17.32,32827
2023-07-21,17.24,45853.0,-0.46189376443419583,32.4,12.2,31.9,0.0,18.4,Clear,17.44,17.665,17.22,17.24,45853
2023-07-24,17.2,32222.0,-0.23201856148491462,32.0,7.4,22.8,0.0,27.7,Clear,17.37,17.375,17.18,17.2,32222
2023-07-25,17.5,39900.0,1.744186046511631,30.3,11.0,32.3,0.0,16.8,Clear,17.25,17.5299,17.25,17.5,39900
2023-07-26,17.71,58599.0,1.200000000000001,31.8,11.3,29.8,0.0,16.7,Clear,17.5,17.91,17.5,17.71,58599
2023-07-27,17.5,37378.0,-1.1857707509881465,31.1,11.1,30.8,0.0,19.8,Clear,17.73,17.73,17.45,17.5,37378
2023-07-28,17.64,76664.0,0.8000000000000007,29.9,12.5,37.3,0.0,22.8,Clear,17.6,17.79,17.59,17.64,76664
2023-07-31,17.61,24678.0,-0.1700680272108901,30.8,9.1,28.7,0.0,22.1,Clear,17.62,17.9025,17.53,17.61,24678
2023-08-01,17.63,33370.0,0.11357183418512218,30.9,6.8,23.6,0.0,24.0,Clear,17.6,17.685,17.42,17.63,33370
2023-08-02,17.75,52618.0,0.6806579693704018,27.9,4.5,23.1,0.0,18.5,Clear,17.55,17.845,17.54,17.75,52618
2023-08-03,17.63,39098.0,-0.6760563380281748,26.3,9.3,35.2,0.0,22.3,Clear,17.8,17.995,17.6,17.63,39098
2023-08-04,17.83,45226.0,1.1344299489506549,25.7,11.9,44.4,0.0,20.6,Clear,17.7,17.945,17.68,17.83,45226
2023-08-07,17.94,40621.0,0.6169377453729918,31.5,10.8,29.8,0.0,24.0,Clear,17.76,18.03,17.72,17.94,40621
2023-08-08,17.7,32255.0,-1.3377926421404784,31.4,6.3,21.1,0.0,26.0,Clear,17.71,17.775,17.6701,17.7,32255
2023-08-09,17.7,30999.0,0.0,28.3,7.7,28.3,0.0,22.4,Clear,17.7,17.73,17.6585,17.7,30999
2023-08-10,17.36,32050.0,-1.9209039548022555,25.3,11.9,43.9,0.0,20.7,Clear,17.8,17.8,17.32,17.36,32050
2023-08-11,17.5,42147.0,0.8064516129032251,27.2,14.2,46.6,0.0,22.3,Clear,17.29,17.57,17.21,17.5,42147
2023-08-14,17.23,14816.0,-1.5428571428571458,32.3,13.3,33.0,0.0,22.2,Clear,17.37,17.42,17.19,17.23,14816
2023-08-15,16.82,22639.0,-2.3795705165409187,33.7,12.5,28.0,0.0,25.6,Clear,17.09,17.0958,16.76,16.82,22639
2023-08-16,16.77,19439.0,-0.29726516052318575,32.7,13.8,32.3,0.0,22.2,Clear,16.89,16.9,16.77,16.77,19439
2023-08-17,16.64,24649.0,-0.7751937984496027,33.9,12.3,30.0,0.0,27.4,Clear,16.88,16.88,16.56,16.64,24649
2023-08-18,16.7,27908.0,0.36057692307691624,31.2,6.4,21.9,0.0,24.0,Clear,16.55,16.73,16.53,16.7,27908
2023-08-21,16.59,22850.0,-0.6586826347305341,25.1,16.9,63.5,0.339,33.1,"Rain, Partially cloudy",16.66,16.71,16.56,16.59,22850
2023-08-22,16.23,25832.0,-2.169981916817354,25.3,17.7,64.0,0.0,20.5,Partially cloudy,16.69,16.69,16.23,16.23,25832
2023-08-23,16.52,24045.0,1.7868145409734915,27.9,18.9,60.5,0.0,22.0,Clear,16.32,16.58,16.315,16.52,24045
2023-08-24,16.54,31863.0,0.1210653753026536,29.6,16.6,49.0,0.0,22.1,Clear,16.42,16.9448,16.42,16.54,31863
2023-08-25,16.52,14109.0,-0.12091898428052694,27.4,12.3,40.0,0.0,24.0,Clear,16.69,16.69,16.44,16.52,14109
2023-08-28,16.68,24730.0,0.9685230024213176,28.5,12.7,40.2,0.0,18.7,Clear,16.64,17.01,16.64,16.68,24730
2023-08-29,16.88,14045.0,1.1990407673860837,29.2,12.3,38.1,0.0,20.6,Clear,16.72,16.9,16.615,16.88,14045
2023-08-30,16.7,20671.0,-1.0663507109004766,27.9,11.6,38.0,0.0,19.2,Clear,16.8,16.988,16.65,16.7,20671
2023-08-31,16.68,38821.0,-0.11976047904190823,30.0,9.3,31.1,0.0,23.9,Clear,16.77,16.88,16.66,16.68,38821
2023-09-01,16.78,29889.0,0.599520383693064,27.9,6.9,27.6,0.0,20.5,Clear,16.7,17.05,16.7,16.78,29889
2023-09-05,16.33,61587.0,,25.6,13.1,47.6,0.0,18.5,Clear,16.79,16.79,16.29,16.33,61587
2023-09-06,16.38,25864.0,0.30618493570115923,26.3,12.6,44.2,0.0,14.8,Clear,16.3,16.4799,16.24,16.38,25864
2023-09-07,16.78,36361.0,,26.4,12.4,44.1,0.0,16.4,Clear,16.35,16.82,16.35,16.78,36361
2023-09-08,16.6,22300.0,-1.0727056019070313,28.0,11.5,37.4,0.0,20.4,Clear,16.88,16.88,16.54,16.6,22300
2023-09-11,16.46,51065.0,-0.8433734939759074,27.3,11.2,39.2,0.0,24.0,Clear,16.6,16.96,16.45,16.46,51065
2023-09-12,16.65,26230.0,1.154313487241776,27.0,9.3,35.2,0.0,20.5,Clear,16.5,16.7,16.43,16.65,26230
2023-09-13,16.52,25223.0,-0.7807807807807765,26.6,9.4,35.7,0.0,18.4,Clear,16.73,16.73,16.49,16.52,25223
2023-09-14,17.03,40369.0,,27.3,10.7,36.7,0.0,22.2,Clear,16.69,17.2453,16.475,17.03,40369
2023-09-15,17.37,,1.996476805637104,28.0,13.2,41.1,0.0,23.9,Clear,16.94,17.44,16.82,17.37,170425
2023-09-18,17.2,35147.0,-0.9786989061600582,22.6,12.7,54.5,0.0,14.9,Partially cloudy,17.45,17.48,17.1,17.2,35147
2023-09-19,16.56,51055.0,,23.0,13.0,54.7,0.0,19.2,Partially cloudy,17.2,17.37,16.55,16.56,51055
2023-09-20,16.45,32063.0,-0.6642512077294604,24.5,12.9,49.3,0.0,21.4,Partially cloudy,16.59,16.735,16.43,16.45,32063
2023-09-21,16.31,24435.0,-0.8510638297872353,21.3,10.9,52.8,0.0,25.9,Clear,16.43,16.52,16.29,16.31,24435
2023-09-22,16.03,23534.0,-1.716738197424883,22.0,9.5,46.1,0.0,18.3,Clear,16.4,16.4,16.03,16.03,23534
2023-09-25,15.97,33990.0,-0.37429819089207506,21.8,10.1,49.1,0.0,11.3,Clear,16.03,16.19,15.9,15.97,33990
2023-09-26,15.87,38371.0,-0.6261740763932488,21.0,10.9,54.2,0.0,13.3,Clear,15.93,15.99,15.84,15.87,38371
2023-09-27,15.83,36915.0,-0.2520478890989275,22.0,11.4,52.2,0.0,18.5,Clear,15.9,15.98,15.79,15.83,36915
2023-09-28,15.95,35945.0,0.7580543272267759,22.2,11.2,51.3,0.0,18.4,Clear,16.01,16.11,15.89,15.95,35945
2023-09-29,16.22,40908.0,1.692789968652031,22.9,9.9,46.4,0.0,18.3,Clear,16.09,16.25,15.945,16.22,40908
2023-10-02,16.07,35501.0,-0.924784217016017,19.2,10.4,58.3,0.0,20.5,Partially cloudy,16.22,16.22,15.96,16.07,35501
2023-10-03,15.86,34515.0,-1.3067828251400182,21.0,9.7,50.5,0.0,12.9,Clear,16.07,16.08,15.84,15.86,34515
2023-10-04,15.97,34322.0,0.6935687263556201,23.9,9.7,43.0,0.0,22.3,Clear,15.86,16.06,15.8001,15.97,34322
2023-10-05,16.21,51611.0,1.5028177833437795,25.0,9.4,39.3,0.0,22.2,Clear,16.01,16.27,15.9343,16.21,51611
2023-10-06,15.95,47772.0,-1.603948180135728,26.2,10.0,37.4,0.0,16.5,Clear,16.18,16.18,15.83,15.95,47772
2023-10-09,16.05,31542.0,0.6269592476489061,25.3,7.5,34.3,0.0,27.5,Clear,15.8426,16.1041,15.76,16.05,31542
2023-10-10,15.82,29516.0,-1.433021806853585,20.1,12.2,62.0,0.0,16.9,Clear,16.11,16.11,15.81,15.82,29516
2023-10-11,15.89,35934.0,0.4424778761062065,18.4,8.4,53.2,0.004,31.5,"Rain, Partially cloudy",15.9123,15.9123,15.67,15.89,35934
2023-10-12,15.77,35133.0,-0.7551919446192601,18.5,6.2,46.4,0.0,14.8,Clear,15.77,15.78,15.57,15.77,35133
2023-10-13,15.66,41069.0,-0.6975269499048808,20.4,4.5,38.7,0.0,18.1,Clear,15.88,15.88,15.51,15.66,41069
2023-10-16,15.89,35281.0,1.4687100893997496,22.0,8.5,43.4,0.0,15.0,Clear,15.79,16.05,15.77,15.89,35281
2023-10-17,15.98,50321.0,0.5663939584644506,20.8,11.1,54.8,0.0,11.1,Clear,15.81,16.26,15.81,15.98,50321
2023-10-18,15.66,32410.0,-2.0025031289111372,22.7,11.9,52.6,0.0,20.4,Clear,15.83,15.895,15.65,15.66,32410
2023-10-19,15.51,27436.0,-0.9578544061302652,24.5,11.6,46.7,0.0,18.2,Clear,15.76,15.8,15.51,15.51,27436
2023-10-20,15.49,44146.0,-0.12894906511927706,26.1,9.5,38.0,0.0,16.7,Clear,15.58,15.66,15.47,15.49,44146
2023-10-23,15.28,33042.0,-1.355713363460298,17.4,13.6,78.8,3.78,23.9,"Rain, Partially cloudy",15.4501,15.58,15.25,15.28,33042
2023-10-24,15.46,25454.0,1.178010471204205,18.5,11.8,67.5,0.0,11.4,Clear,15.43,15.49,15.315,15.46,25454
2023-10-25,15.26,31434.0,-1.293661060802076,18.9,9.8,58.8,0.0,29.7,Clear,15.34,15.44,15.26,15.26,31434
2023-10-26,15.42,25231.0,1.0484927916120546,15.2,7.8,63.0,0.0,16.8,Clear,15.35,15.48,15.35,15.42,25231
2023-10-27,15.35,25989.0,-0.45395590142671693,14.2,6.3,61.4,0.0,19.8,Clear,15.39,15.4,15.3,15.35,25989
2023-10-30,15.45,44036.0,0.6514657980456029,14.4,-1.7,37.0,0.0,18.4,Clear,15.5,15.57,15.3615,15.45,44036
2023-10-31,15.52,79082.0,0.45307443365696365,15.9,-1.4,32.6,0.0,18.5,Clear,15.69,15.71,15.4,15.52,79082
2023-11-01,15.82,39642.0,1.9329896907216648,15.9,0.3,36.6,0.0,20.4,Clear,15.46,15.85,15.41,15.82,39642
2023-11-02,16.01,33670.0,1.2010113780025256,16.9,-0.1,34.0,0.0,14.6,Clear,15.99,16.05,15.85,16.01,33670
2023-11-03,16.33,36133.0,1.998750780761993,17.1,0.6,34.4,0.0,9.3,Clear,16.21,16.43,16.14,16.33,36133
2023-11-06,16.25,35726.0,-0.48989589712185033,18.6,8.3,51.7,0.0,22.3,Partially cloudy,16.35,16.5999,16.13,16.25,35726
2023-11-07,16.49,44986.0,1.4769230769230646,15.1,9.1,69.3,0.308,22.4,"Rain, Partially cloudy",16.3,16.55,16.25,16.49,44986
2023-11-08,16.0,41149.0,,13.5,5.1,59.2,0.0,13.2,Clear,16.5,16.5,15.7,16.0,41149
2023-11-09,15.78,38942.0,-1.375000000000004,13.1,3.6,54.3,0.0,14.7,Clear,16.02,16.1,15.62,15.78,38942
2023-11-10,15.79,44390.0,0.06337135614702394,12.4,2.6,52.6,0.0,12.8,Clear,15.92,15.92,15.6,15.79,44390
2023-11-13,15.95,19423.0,1.0132995566814351,19.0,-3.6,22.5,0.003,27.6,Rain,15.77,16.02,15.61,15.95,19423
2023-11-14,16.5,82541.0,,15.1,-0.3,36.4,0.0,16.7,Clear,16.34,16.59,16.29,16.5,82541
2023-11-15,16.47,40959.0,-0.1818181818181941,16.3,1.0,38.9,0.043,37.0,"Rain, Partially cloudy",16.56,16.64,16.46,16.47,40959
2023-11-16,16.31,31711.0,-0.9714632665452361,18.8,8.9,54.1,0.006,18.2,"Rain, Partially cloudy",16.48,16.5893,16.25,16.31,31711
2023-11-17,16.5,43906.0,1.1649294911097563,18.0,7.9,55.5,0.0,34.9,Clear,16.45,16.57,16.39,16.5,43906
2023-11-20,16.36,21543.0,-0.848484848484854,10.9,2.8,60.7,0.0,13.2,Clear,16.5,16.58,16.2601,16.36,21543
2023-11-21,16.22,15301.0,-0.8557457212713948,13.8,0.4,43.7,0.0,15.2,Clear,16.32,16.39,16.0063,16.22,15301
2023-11-22,16.48,17507.0,1.602959309494456,12.5,1.7,49.1,0.0,11.2,Clear,16.36,16.5299,16.29,16.48,17507
2023-11-24,16.5,16596.0,0.12135922330096527,10.6,-0.1,49.6,0.0,14.7,Clear,16.56,16.56,16.365,16.5,16596
2023-11-27,16.25,37775.0,-1.5151515151515138,10.4,-3.5,40.0,0.0,15.0,Clear,16.54,16.54,16.11,16.25,37775
2023-11-28,16.22,31193.0,-0.18461538461539417,11.5,-4.4,35.2,0.0,13.0,Clear,16.16,16.37,16.16,16.22,31193
2023-11-29,16.33,20645.0,0.678175092478428,12.8,0.0,42.1,0.0,13.1,Partially cloudy,16.37,16.4,16.28,16.33,20645
2023-11-30,15.79,,,11.7,3.9,59.8,0.004,9.5,"Rain, Partially cloudy",16.35,16.35,15.671,15.79,138722
2023-12-01,16.43,70660.0,,10.5,3.4,62.8,0.0,18.5,Partially cloudy,15.8,16.49,15.7833,16.43,70660
2023-12-04,16.49,38230.0,0.3651856360316508,11.6,4.3,61.6,0.0,16.0,Clear,16.49,16.57,16.32,16.49,38230
2023-12-05,16.26,34157.0,-1.3947847180108996,12.0,5.1,64.4,0.0,25.4,Clear,16.49,16.49,15.97,16.26,34157
2023-12-06,16.14,69496.0,-0.7380073800738018,15.0,5.7,58.4,0.0,31.3,Clear,16.41,16.41,15.8701,16.14,69496
2023-12-07,16.29,72722.0,0.9293680297397744,12.0,5.8,66.9,0.002,18.7,"Rain, Partially cloudy",16.22,16.31,15.9401,16.29,72722
2023-12-08,16.48,53332.0,1.1663597298956496,7.9,3.3,72.7,0.0,18.4,Partially cloudy,16.22,16.52,16.01,16.48,53332
2023-12-11,16.35,44667.0,-0.7888349514563076,9.5,1.4,58.4,0.0,9.4,Clear,16.52,16.5759,16.23,16.35,44667
2023-12-12,16.35,25182.0,0.0,9.6,1.1,56.4,0.0,11.0,Clear,16.43,16.43,16.15,16.35,25182
2023-12-13,16.98,86495.0,,9.4,0.6,56.3,0.0,11.4,Clear,16.45,17.0,16.38,16.98,86495
2023-12-14,17.23,,1.472320376914027,10.9,1.2,53.6,0.0,13.1,Clear,17.26,17.6,17.11,17.23,106304
2023-12-15,16.78,,,11.0,0.5,51.4,0.0,16.8,Clear,17.2,17.28,16.62,16.78,189713
2023-12-18,16.8,37679.0,0.11918951132299238,15.4,4.1,50.0,0.009,18.4,"Rain, Partially cloudy",16.88,16.925,16.71,16.8,37679
2023-12-19,16.99,77718.0,1.130952380952377,14.8,9.0,68.5,0.02,13.2,"Rain, Partially cloudy",16.87,17.06,16.76,16.99,77718
2023-12-20,16.94,86250.0,-0.2942907592701438,14.6,9.3,72.1,4.06,27.4,"Rain, Partially cloudy",16.91,17.325,16.91,16.94,86250
2023-12-21,16.9,50558.0,-0.23612750885479983,11.9,11.0,94.5,6.284,22.4,"Rain, Overcast",17.06,17.1,16.84,16.9,50558
2023-12-22,17.25,60550.0,2.071005917159763,11.8,10.5,91.8,1.912,26.7,"Rain, Partially cloudy",17.0,17.37,16.88,17.25,60550
2023-12-26,17.5,,1.449275362318847,11.2,7.1,77.1,0.0,11.2,Clear,17.36,17.57,17.22,17.5,89773
2023-12-27,17.59,40056.0,0.5142857142857116,12.0,7.5,75.8,0.0,18.3,Clear,17.6,17.615,17.46,17.59,40056
2023-12-28,17.53,39066.0,-0.34110289937463456,13.4,4.2,58.3,0.0,14.7,Clear,17.52,17.67,17.52,17.53,39066
2023-12-29,17.2,37291.0,-1.882487164860247,14.9,3.4,48.8,0.0,24.0,Clear,17.46,17.56,17.19,17.2,37291
2024-01-02,17.25,49656.0,0.29069767441860517,6.9,5.9,93.6,0.0,9.3,Partially cloudy,16.99,17.34,16.99,17.25,49656
2024-01-03,16.86,50820.0,-2.260869565217394,9.7,6.9,83.7,4.074,22.2,"Rain, Partially cloudy",17.15,17.275,16.82,16.86,50820
2024-01-04,16.68,41557.0,-1.0676156583629859,8.5,5.7,83.1,0.005,13.1,"Rain, Partially cloudy",16.94,17.0,16.65,16.68,41557
2024-01-05,16.57,54971.0,-0.659472422062346,8.0,3.8,76.1,0.0,12.7,Clear,16.55,16.84,16.48,16.57,54971
2024-01-08,16.78,35999.0,1.2673506336753126,6.1,-0.5,64.3,0.0,11.2,Clear,16.61,16.78,16.49,16.78,35999
2024-01-09,16.41,53830.0,-2.20500595947557,6.4,-0.5,63.4,0.0,14.9,Clear,16.65,16.68,16.32,16.41,53830
2024-01-10,16.51,46739.0,0.6093845216331495,8.1,2.9,69.8,0.004,11.2,"Rain, Partially cloudy",16.31,16.58,16.31,16.51,46739
2024-01-11,16.22,38510.0,-1.7565112053301246,7.2,1.5,69.1,1.567,35.4,Rain,16.4,16.4,16.11,16.22,38510
2024-01-12,16.29,32229.0,0.4315659679408057,5.8,-0.6,65.5,0.0,15.0,Clear,16.42,16.42,16.15,16.29,32229
2024-01-16,15.87,42846.0,,8.7,7.1,90.5,0.0,11.3,Partially cloudy,16.27,16.3,15.85,15.87,42846
2024-01-17,15.84,47250.0,-0.1890359168241873,11.3,9.3,87.6,1.814,14.8,"Rain, Overcast",15.75,15.913,15.66,15.84,47250
2024-01-18,15.86,44832.0,0.12626262626262985,11.4,8.5,83.7,0.0,15.1,Partially cloudy,15.89,15.92,15.71,15.86,44832
2024-01-19,16.1,49233.0,1.513240857503173,13.0,8.7,77.1,0.0,18.5,Clear,15.95,16.12,15.79,16.1,49233
2024-01-22,16.22,28966.0,0.7453416149068248,13.2,10.5,84.0,18.018,20.3,"Rain, Overcast",16.24,16.35,16.0,16.22,28966
2024-01-23,15.92,56399.0,-1.8495684340320562,12.3,10.9,91.2,5.652,18.5,"Rain, Partially cloudy",16.41,16.41,15.89,15.92,56399
2024-01-24,15.96,35931.0,0.2512562814070307,12.3,10.5,88.4,3.55,16.5,"Rain, Partially cloudy",16.08,16.12,15.865,15.96,35931
2024-01-25,16.33,42429.0,2.318295739348364,12.6,10.2,86.1,0.008,18.5,"Rain, Partially cloudy",15.99,16.35,15.99,16.33,42429
2024-01-26,16.17,20450.0,-0.9797917942437007,11.8,8.2,79.4,0.0,22.8,Clear,16.45,16.5,16.17,16.17,20450
2024-01-29,16.27,70600.0,0.6184291898577499,15.2,10.2,75.3,0.0,15.0,Clear,16.16,16.37,16.1,16.27,70600
2024-01-30,16.09,41465.0,-1.1063306699446773,15.7,9.4,68.4,0.0,12.7,Clear,16.22,16.34,16.08,16.09,41465
2024-01-31,15.78,63810.0,-1.9266625233063994,17.3,5.5,50.9,0.0,49.6,Clear,16.07,16.21,15.78,15.78,63810
2024-02-01,16.28,59116.0,,13.7,7.8,70.1,17.323,40.7,"Rain, Partially cloudy",15.79,16.42,15.79,16.28,59116
2024-02-02,15.93,71174.0,-2.149877149877155,11.0,7.5,80.3,2.681,13.2,"Rain, Partially cloudy",16.04,16.1445,15.9,15.93,71174
2024-02-05,15.69,62907.0,-1.5065913370998163,13.5,10.4,82.2,1.443,16.6,"Rain, Partially cloudy",15.76,15.79,15.59,15.69,62907
2024-02-06,15.8,48350.0,0.7010834926705067,10.7,7.6,81.8,8.646,20.3,"Rain, Overcast",15.64,15.99,15.64,15.8,48350
2024-02-07,15.64,44871.0,-1.0126582278481067,10.0,6.4,79.4,8.322,27.6,"Rain, Overcast",15.79,15.82,15.6,15.64,44871
2024-02-08,15.87,43660.0,1.4705882352941124,8.2,3.5,73.0,0.002,11.5,"Rain, Partially cloudy",15.59,15.94,15.59,15.87,43660
2024-02-09,16.2,56572.0,2.07939508506616,7.7,3.7,76.7,0.0,13.1,Partially cloudy,15.88,16.31,15.795,16.2,56572
2024-02-12,16.67,60458.0,,10.6,4.4,66.9,0.0,12.8,Clear,16.24,16.87,16.24,16.67,60458
2024-02-13,15.99,,,10.4,5.5,72.8,0.0,13.2,Clear,16.32,16.41,15.84,15.99,97340
2024-02-14,16.4,45718.0,,11.8,6.6,71.2,0.0,18.3,Clear,16.19,16.5,16.155,16.4,45718
2024-02-15,17.0,56720.0,,12.4,8.4,76.8,2.019,13.3,"Rain, Partially cloudy",16.46,17.01,16.46,17.0,56720
2024-02-16,16.72,34618.0,-1.6470588235294237,11.8,7.4,75.8,0.0,11.1,Clear,16.87,16.97,16.7,16.72,34618
2024-02-20,16.6,40694.0,-0.7177033492822837,14.1,10.3,78.8,3.432,16.4,"Rain, Partially cloudy",16.7,16.83,16.55,16.6,40694
2024-02-21,16.53,35870.0,-0.42168674698794817,12.8,8.9,78.5,0.055,16.3,"Rain, Partially cloudy",16.55,16.596,16.4,16.53,35870
2024-02-22,16.51,52619.0,-0.1209921355111887,12.4,8.0,75.3,0.0,9.5,Partially cloudy,16.46,16.53,16.3325,16.51,52619
2024-02-23,16.56,29833.0,0.30284675953966556,12.2,8.2,77.6,0.0,13.1,Clear,16.46,16.62,16.46,16.56,29833
2024-02-26,16.51,38340.0,-0.3019323671497376,14.6,7.9,65.3,0.0,15.0,Partially cloudy,16.46,16.59,16.35,16.51,38340
2024-02-27,16.41,29384.0,-0.6056935190793533,13.6,9.9,79.1,0.002,18.5,"Rain, Overcast",16.58,16.65,16.41,16.41,29384
2024-02-28,16.26,48028.0,-0.9140767824497131,15.3,9.8,71.2,0.0,11.1,Partially cloudy,16.26,16.57,16.24,16.26,48028
2024-02-29,16.63,63622.0,2.2755227552275326,14.5,8.4,68.3,0.0,24.0,Clear,16.51,16.69,16.48,16.63,63622
2024-03-01,16.75,47718.0,0.7215874924834775,14.1,8.2,69.9,0.634,25.8,"Rain, Partially cloudy",16.59,16.91,16.59,16.75,47718
2024-03-04,16.66,30533.0,-0.5373134328358176,10.0,4.6,71.2,0.0,24.1,Partially cloudy,16.8,17.07,16.66,16.66,30533
2024-03-05,16.35,48840.0,-1.8607442977190747,11.7,4.3,62.3,0.0,11.2,Clear,16.63,16.79,16.301,16.35,48840
2024-03-06,16.62,31613.0,1.6513761467889854,11.6,6.3,72.1,2.86,18.3,"Rain, Partially cloudy",16.54,16.77,16.4996,16.62,31613
2024-03-07,16.5,40758.0,-0.7220216606498298,11.9,8.7,81.3,1.083,15.0,"Rain, Partially cloudy",16.75,16.76,16.45,16.5,40758
2024-03-08,16.65,23729.0,0.9090909090909038,13.7,8.3,71.9,0.0,11.1,Clear,16.68,16.8,16.54,16.65,23729
2024-03-11,16.5,23121.0,-0.9009009009008917,13.7,4.6,56.8,0.0,18.5,Partially cloudy,16.64,16.64,16.5,16.5,23121
2024-03-12,16.26,55980.0,-1.4545454545454417,13.1,7.6,70.7,0.0,15.0,Partially cloudy,16.44,16.44,16.16,16.26,55980
2024-03-13,16.18,34782.0,-0.49200492004921603,12.2,6.8,71.3,0.0,20.5,Partially cloudy,16.21,16.28,16.06,16.18,34782
2024-03-14,15.96,49660.0,-1.3597033374536438,13.0,4.0,57.9,0.0,25.9,Clear,16.07,16.0985,15.82,15.96,49660
2024-03-15,15.63,,-2.0676691729323293,13.3,1.8,49.8,0.0,18.3,Clear,15.8,16.06,15.58,15.63,228325
2024-03-18,15.45,51579.0,-1.151631477927073,17.4,6.3,50.8,0.0,13.0,Clear,15.63,15.73,15.44,15.45,51579
2024-03-19,15.44,55801.0,-0.06472491909385036,18.2,7.5,52.4,0.0,22.8,Clear,15.44,15.6,15.31,15.44,55801
2024-03-20,15.82,50697.0,,17.8,5.1,49.0,0.0,23.7,Clear,15.33,15.98,15.33,15.82,50697
2024-03-21,15.91,,0.568900126422256,16.2,5.0,49.6,0.0,14.9,Clear,15.84,16.03,15.57,15.91,107715
2024-03-22,15.34,78042.0,,18.1,5.7,48.2,0.0,20.2,Clear,15.9,15.9,15.25,15.34,78042
2024-03-25,,57088.0,-0.7170795306388533,12.6,7.5,73.1,3.734,18.4,"Rain, Partially cloudy",15.39,15.51,15.23,15.23,57088
2024-03-26,,56347.0,0.0,12.9,6.9,69.0,0.0,24.6,Partially cloudy,15.39,15.39,15.21,15.23,56347
2024-03-27,15.46,41695.0,1.5101772816809023,15.2,5.6,56.6,0.0,18.2,Clear,15.38,15.5,15.33,15.46,41695
2024-03-28,15.41,73302.0,-0.3234152652005218,15.1,8.5,65.1,0.011,29.4,"Rain, Partially cloudy",15.51,15.68,15.41,15.41,73302
2024-04-01,15.36,55677.0,-0.32446463335497056,15.0,7.2,61.8,0.0,20.5,Partially cloudy,15.49,15.54,15.3101,15.36,55677
2024-04-02,,64309.0,-1.236979166666663,18.0,6.7,51.3,0.0,20.5,Clear,15.31,15.37,15.06,15.17,64309
2024-04-03,15.3,62143.0,0.856954515491104,19.5,6.7,46.9,0.0,24.1,Clear,15.03,15.4,15.03,15.3,62143
2024-04-04,,76146.0,-0.9803921568627527,11.3,5.6,68.6,3.199,34.9,"Rain, Partially cloudy",15.46,15.48,15.14,15.15,76146
2024-04-05,,50275.0,-0.1980198019802093,8.8,3.1,68.9,2.861,27.6,"Rain, Partially cloudy",15.09,15.2,15.02,15.12,50275
2024-04-08,,37472.0,0.6613756613756738,12.6,2.9,53.9,0.0,13.3,Clear,15.23,15.36,15.21,15.22,37472
2024-04-09,15.48,56752.0,1.708278580814726,16.7,3.5,46.2,0.0,13.0,Clear,15.22,15.62,15.15,15.48,56752
2024-04-10,,,-2.2609819121446995,19.6,5.6,42.5,0.0,22.2,Clear,15.14,15.27,14.9,15.13,100716
2024-04-11,15.29,40393.0,1.0575016523463265,21.6,8.9,47.7,0.0,22.2,Clear,15.1,15.34,15.1,15.29,40393
2024-04-12,,44486.0,-0.5886200130804431,22.6,7.8,44.6,0.0,27.7,Clear,15.15,15.33,15.15,15.2,44486
2024-04-15,,57767.0,-1.4473684210526194,13.0,7.3,70.2,0.0,9.6,Partially cloudy,15.22,15.3,14.8971,14.98,57767
2024-04-16,,52178.0,-0.1335113484646211,16.4,8.3,60.9,0.0,22.2,Clear,14.9,15.07,14.8,14.96,52178
2024-04-17,,32440.0,-0.5347593582887722,19.6,11.2,61.0,0.0,19.6,Clear,15.09,15.09,14.86,14.88,32440
2024-04-18,15.69,,,21.4,11.2,55.4,0.0,13.1,Clear,15.0,16.01,14.93,15.69,171640
2024-04-19,16.28,,,21.6,11.5,54.5,0.0,16.7,Clear,15.75,16.42,15.7055,16.28,137027
2024-04-22,16.57,79609.0,1.7813267813267863,23.8,10.4,45.3,0.0,25.8,Clear,16.37,16.59,16.15,16.57,79609
2024-04-23,17.01,64425.0,,18.2,5.7,45.8,0.0,22.3,Clear,16.59,17.02,16.5213,17.01,64425
2024-04-24,16.9,68203.0,-0.6466784244562152,15.9,7.6,59.2,0.0,18.5,Partially cloudy,16.86,17.04,16.82,16.9,68203
2024-04-25,16.87,52164.0,-0.17751479289939143,17.0,8.1,57.4,0.0,22.6,Partially cloudy,16.74,16.95,16.575,16.87,52164
2024-04-26,17.07,63721.0,1.1855364552459946,16.2,7.5,57.6,0.0,26.0,Partially cloudy,16.77,17.07,16.77,17.07,63721
2024-04-29,17.01,56837.0,-0.35149384885764245,18.9,6.4,46.5,0.0,26.8,Clear,17.17,17.2387,16.72,17.01,56837
2024-04-30,16.78,64619.0,-1.3521457965902428,19.3,4.7,40.4,0.0,20.6,Clear,16.9,16.94,16.77,16.78,64619
2024-05-01,16.83,74825.0,0.29797377830749205,18.5,4.0,40.6,0.0,22.4,Clear,16.86,16.97,16.76,16.83,74825
2024-05-02,16.86,52347.0,0.17825311942960553,20.1,4.2,37.4,0.0,20.5,Clear,16.96,16.96,16.76,16.86,52347
2024-05-03,16.68,58656.0,-1.0676156583629859,21.5,8.0,43.2,0.0,22.4,Clear,17.04,17.04,16.51,16.68,58656
2024-05-06,16.65,47519.0,-0.17985611510792365,14.7,3.1,49.1,0.0,18.5,Clear,16.7,16.9493,16.42,16.65,47519
2024-05-07,15.87,,,16.8,4.5,46.9,0.0,26.2,Clear,16.55,16.66,15.86,15.87,101404
2024-05-08,15.75,75075.0,-0.7561436672967825,18.8,4.0,40.0,0.0,18.3,Clear,15.81,15.8299,15.5323,15.75,75075
2024-05-09,16.28,64344.0,,22.5,2.1,29.9,0.0,28.1,Clear,15.74,16.3,15.74,16.28,64344
2024-05-10,16.26,63952.0,-0.12285012285011554,23.9,3.5,28.6,0.0,20.5,Clear,16.21,16.47,16.12,16.26,63952
2024-05-13,16.08,47111.0,-1.1070110701107194,25.1,8.0,35.8,0.0,16.6,Clear,16.32,16.38,16.07,16.08,47111
2024-05-14,16.11,33621.0,0.1865671641791078,25.1,7.7,35.7,0.0,22.3,Clear,16.16,16.27,16.0,16.11,33621
2024-05-15,16.84,,,26.5,9.0,34.8,0.0,20.4,Clear,16.22,16.88,16.16,16.84,110193
2024-05-16,17.84,,,27.2,10.3,36.8,0.0,20.6,Clear,16.76,18.07,16.76,17.84,229703
2024-05-17,17.98,,0.7847533632286963,24.9,9.6,39.7,0.0,20.4,Clear,17.87,18.4425,17.7493,17.98,139654
2024-05-20,17.87,,-0.6117908787541704,22.0,3.4,32.4,0.0,29.4,Clear,17.91,18.24,17.865,17.87,119277
2024-05-21,17.77,,-0.559597090095143,22.6,4.8,33.7,0.0,22.4,Clear,17.81,17.96,17.75,17.77,109297
2024-05-22,18.16,,2.19471018570625,24.0,2.7,27.7,0.0,24.2,Clear,17.73,18.24,17.73,18.16,148827
2024-05-23,17.95,,-1.156387665198244,22.9,6.9,37.0,0.0,24.1,Clear,18.14,18.63,17.88,17.95,123159
2024-05-24,18.46,,,21.8,2.8,30.2,0.0,33.3,Clear,18.05,18.54,17.974,18.46,100587
2024-05-28,18.03,,-2.329360780065004,25.4,7.7,34.0,0.0,22.6,Clear,18.51,18.98,17.93,18.03,154543
2024-05-29,18.01,,-0.11092623405435376,24.3,6.7,34.2,0.0,24.2,Clear,17.87,18.2,17.75,18.01,124468
2024-05-30,17.97,,-0.2220988339811325,25.8,7.7,33.5,0.0,20.9,Clear,18.05,18.22,17.96,17.97,93961
2024-05-31,18.23,,1.4468558708959467,27.8,7.2,29.1,0.0,18.4,Clear,18.0,18.26,18.0,18.23,1210695
2024-06-03,17.63,,,24.9,12.1,45.3,0.0,24.2,Clear,18.26,18.28,17.63,17.63,112936
2024-06-04,17.04,,,25.3,12.8,48.4,0.0,17.2,Clear,17.62,17.62,17.0,17.04,104635
2024-06-05,17.14,63015.0,0.5868544600938996,30.9,14.2,37.3,0.0,18.4,Clear,17.06,17.169,16.87,17.14,63015
2024-06-06,17.0,50500.0,-0.8168028004667427,33.3,15.0,34.8,0.0,24.0,Clear,17.04,17.26,16.97,17.0,50500
2024-06-07,16.85,62369.0,-0.8823529411764675,31.5,9.7,28.7,0.0,29.5,Clear,16.86,16.97,16.74,16.85,62369
2024-06-10,16.91,60210.0,0.3560830860534159,27.6,9.8,33.9,0.0,22.3,Clear,16.73,16.93,16.66,16.91,60210
2024-06-11,16.82,55037.0,-0.5322294500295643,30.7,12.1,33.4,0.0,24.1,Clear,16.89,16.95,16.72,16.82,55037
2024-06-12,16.8,67136.0,-0.11890606420926764,31.8,13.4,33.8,0.0,29.2,Clear,17.27,17.29,16.77,16.8,67136
2024-06-13,16.91,60048.0,0.6547619047619024,29.1,9.4,30.8,0.0,29.2,Clear,16.69,16.92,16.54,16.91,60048
2024-06-14,16.61,55422.0,-1.7740981667652367,27.9,8.1,30.8,0.0,18.6,Clear,16.71,16.74,16.57,16.61,55422
2024-06-17,16.74,44203.0,0.7826610475617057,23.4,6.2,33.6,0.0,30.0,Clear,16.61,16.77,16.4,16.74,44203
2024-06-18,16.78,57943.0,0.2389486260454099,24.1,2.5,26.1,0.0,20.6,Clear,16.76,16.82,16.56,16.78,57943
2024-06-20,16.87,41033.0,0.5363528009535212,25.5,4.5,28.0,0.0,22.4,Clear,16.82,16.98,16.82,16.87,41033
2024-06-21,16.6,,-1.6004742145820927,27.4,7.2,29.3,0.0,18.5,Clear,16.85,16.85,16.465,16.6,131044
2024-06-24,16.57,59760.0,-0.1807228915662762,33.6,7.2,20.3,0.0,27.3,Clear,16.65,16.66,16.4,16.57,59760
2024-06-25,16.37,74337.0,-1.2070006035002967,33.0,10.7,26.7,0.0,29.3,Clear,16.62,16.62,16.2201,16.37,74337
2024-06-26,16.75,57037.0,2.3213194868662024,31.1,6.6,22.5,0.0,22.4,Clear,16.24,16.79,16.24,16.75,57037
2024-06-27,16.82,37718.0,0.417910447761205,28.7,7.7,28.8,0.0,20.7,Clear,16.73,16.84,16.66,16.82,37718
2024-06-28,17.06,,1.4268727705112783,28.8,8.7,30.9,0.0,22.4,Clear,16.94,17.07,16.7,17.06,288979
2024-07-01,16.84,70017.0,-1.289566236811246,30.0,12.5,36.2,0.011,24.1,Rain,17.01,17.01,16.51,16.84,70017
2024-07-02,16.86,34413.0,0.11876484560569,32.5,10.7,27.6,0.0,22.3,Clear,16.84,16.93,16.79,16.86,34413
2024-07-03,16.83,18781.0,-0.1779359430605032,34.8,11.6,25.9,0.0,25.8,Clear,16.94,17.013,16.8,16.83,18781
2024-07-05,16.86,35383.0,0.17825311942960553,33.9,12.1,29.5,0.0,20.6,Clear,16.79,16.95,16.7,16.86,35383
2024-07-08,16.8,41385.0,-0.3558718861209842,35.7,11.7,26.8,0.0,23.0,Clear,16.99,17.0,16.685,16.8,41385
2024-07-09,16.71,32746.0,-0.5357142857142838,33.7,11.2,27.0,0.0,23.0,Clear,16.82,16.82,16.52,16.71,32746
2024-07-10,16.87,31983.0,0.957510472770795,33.2,12.6,30.4,0.0,22.3,Clear,16.72,16.87,16.63,16.87,31983
2024-07-11,17.69,,,34.9,13.1,28.1,0.0,18.5,Clear,17.25,17.74,17.035,17.69,106724
2024-07-12,17.88,70063.0,1.074053137365727,35.3,8.8,20.3,0.0,22.3,Clear,17.89,18.14,17.68,17.88,70063
2024-07-15,18.33,,,31.8,10.3,27.4,0.0,16.7,Clear,18.12,18.4,18.02,18.33,129201
2024-07-16,,,,,,,,,,18.5,19.07,18.4004,19.05,126144
2024-07-17,,,,,,,,,,19.02,19.67,18.8945,19.58,189969
2024-07-18,,78592.0,,30.8,10.1,30.5,0.0,25.1,Clear,19.39,19.815,19.05,19.08,78592
2024-07-19,18.76,52168.0,-1.6771488469601525,32.3,9.8,25.7,0.0,22.3,Clear,19.09,19.13,18.62,18.76,52168
2024-07-22,,55756.0,0.47974413646054703,33.5,12.4,29.8,0.0,24.0,Clear,18.86,18.92,18.525,18.85,55756
2024-07-23,,80818.0,0.9549071618037086,35.2,10.5,22.7,0.0,20.6,Clear,18.87,19.12,18.8,19.03,80818
2024-07-24,18.74,85041.0,-1.5239096163951804,35.9,12.1,25.2,0.0,29.1,Clear,18.9,19.28,18.71,18.74,85041
2024-07-25,,,1.1739594450373758,34.1,12.9,28.6,0.0,24.1,Clear,18.78,19.16,18.64,18.96,120440
2024-07-26,,69083.0,1.7405063291139111,33.2,10.3,27.9,0.0,27.4,Clear,19.24,19.36,18.6,19.29,69083
2024-07-29,,64500.0,-1.192327630896839,27.6,8.2,29.7,0.0,18.3,Clear,19.35,19.385,18.85,19.06,64500
2024-07-30,,49652.0,0.8394543546694555,27.9,10.3,36.4,0.0,20.5,Clear,19.21,19.24,18.952,19.22,49652
2024-07-31,,,-1.144640998959412,29.0,10.0,32.4,0.0,20.4,Clear,19.25,19.365,18.74,19.0,94244
2024-08-01,18.76,86642.0,-1.2631578947368327,30.6,11.9,32.6,0.0,16.6,Clear,19.05,19.2068,18.4,18.76,86642
2024-08-02,17.7,87137.0,,30.1,11.3,31.9,0.0,23.9,Clear,18.16,18.6399,17.6,17.7,87137
2024-08-05,16.77,,,32.4,13.9,35.0,0.0,20.8,Clear,16.9,17.08,16.6,16.77,98710
2024-08-06,16.85,78230.0,0.4770423375074717,32.6,12.8,33.3,0.0,22.3,Clear,16.7,16.91,16.55,16.85,78230
2024-08-07,16.59,51818.0,-1.543026706231465,34.0,10.0,26.0,0.0,22.4,Clear,17.06,17.14,16.52,16.59,51818
2024-08-08,16.88,47949.0,1.7480409885473058,32.7,6.0,20.9,0.0,20.7,Clear,16.73,16.97,16.53,16.88,47949
2024-08-09,16.92,46147.0,0.23696682464455776,32.0,6.2,21.7,0.0,20.6,Clear,17.0,17.0,16.78,16.92,46147
2024-08-12,16.58,43778.0,-2.0094562647754333,30.3,9.2,29.1,0.0,24.2,Clear,16.88,16.935,16.5,16.58,43778
2024-08-13,16.89,32655.0,1.8697225572979592,29.0,9.2,32.2,0.0,22.3,Clear,16.73,16.98,16.5,16.89,32655
2024-08-14,16.79,26832.0,-0.5920663114268865,28.0,8.8,31.9,0.0,27.0,Clear,16.88,16.88,16.695,16.79,26832
2024-08-15,17.12,60838.0,1.9654556283502211,28.0,8.7,32.0,0.0,22.4,Clear,17.0,17.36,16.81,17.12,60838
2024-08-16,17.24,31020.0,0.7009345794392274,28.6,8.8,30.3,0.0,20.5,Clear,17.13,17.27,17.13,17.24,31020
2024-08-19,17.45,24986.0,1.2180974477958184,26.8,12.6,44.5,0.0,18.4,Clear,17.22,17.51,17.22,17.45,24986
2024-08-20,17.45,49670.0,0.0,27.6,10.4,37.4,0.0,18.3,Clear,17.52,17.52,17.27,17.45,49670
2024-08-21,17.57,41997.0,0.6876790830945723,27.2,9.2,34.6,0.0,21.6,Clear,17.59,17.69,17.405,17.57,41997
2024-08-22,17.58,35960.0,0.05691519635742104,26.3,7.8,33.2,0.0,23.9,Clear,17.62,17.62,17.54,17.58,35960
2024-08-23,18.17,64889.0,,21.8,10.3,49.3,0.0,22.4,Clear,17.75,18.27,17.52,18.17,64889
2024-08-26,18.09,,-0.44028618602092173,26.1,9.9,37.8,0.0,22.4,Clear,18.35,18.47,18.09,18.09,92375
2024-08-27,17.97,70019.0,-0.6633499170812684,28.3,9.4,32.4,0.0,23.9,Clear,18.03,18.07,17.92,17.97,70019
2024-08-28,17.74,45322.0,-1.2799109627156358,30.0,8.1,27.1,0.0,16.6,Clear,17.96,18.2399,17.64,17.74,45322
2024-08-29,17.79,63788.0,0.2818489289740711,29.3,7.1,26.0,0.0,20.6,Clear,17.87,17.975,17.53,17.79,63788
2024-08-30,17.89,,0.5621135469364935,28.8,8.7,29.8,0.0,15.0,Clear,17.8,17.95,17.645,17.89,119140
2024-09-03,17.36,58573.0,,29.1,12.5,37.7,0.0,21.9,Clear,17.77,17.95,17.36,17.36,58573
2024-09-04,17.25,57851.0,-0.6336405529953848,31.8,11.3,29.8,0.0,22.4,Clear,17.35,17.55,17.15,17.25,57851
2024-09-05,17.11,42885.0,-0.8115942028985579,31.2,10.7,29.6,0.0,22.0,Clear,17.21,17.35,17.08,17.11,42885
2024-09-06,16.91,45258.0,-1.1689070718877814,32.3,8.4,25.0,0.0,18.3,Clear,17.17,17.34,16.8201,16.91,45258
2024-09-09,17.01,55227.0,0.591366055588427,32.0,8.2,24.8,0.0,24.1,Clear,16.94,17.29,16.84,17.01,55227
2024-09-10,17.34,36559.0,1.94003527336859,29.1,7.0,26.6,0.0,27.6,Clear,16.985,17.38,16.93,17.34,36559
2024-09-11,17.33,45418.0,-0.05767012687428741,24.9,6.7,32.2,0.0,22.5,Clear,17.21,17.39,16.97,17.33,45418
2024-09-12,17.68,45788.0,2.0196191575303057,22.3,10.2,47.6,0.0,18.6,Clear,17.47,17.72,17.375,17.68,45788
2024-09-13,18.14,65440.0,,24.8,9.6,39.6,0.0,18.5,Clear,17.88,18.43,17.795,18.14,65440
2024-09-16,18.04,43047.0,-0.5512679162072875,18.4,6.7,48.5,0.0,23.9,Clear,18.12,18.22,17.925,18.04,43047
2024-09-17,18.09,54858.0,0.27716186252773056,19.3,8.1,50.8,0.0,23.7,Clear,18.23,18.28,17.96,18.09,54858
2024-09-18,18.17,69843.0,0.44223327805419377,21.6,8.0,42.7,0.0,18.4,Clear,18.01,18.455,17.93,18.17,69843
2024-09-19,18.52,46894.0,1.9262520638414937,21.8,9.7,46.9,0.0,18.4,Clear,18.55,18.55,18.345,18.52,46894
2024-09-20,18.2,,-1.7278617710583144,23.8,11.2,46.8,0.006,22.2,Rain,18.4,18.4,18.13,18.2,158732
2024-09-23,17.86,52237.0,-1.8681318681318726,27.8,11.9,39.0,0.0,20.4,Clear,18.22,18.22,17.7,17.86,52237
2024-09-24,17.8,45302.0,-0.33594624860021627,29.6,10.6,33.0,0.0,20.4,Clear,17.9,17.955,17.74,17.8,45302
2024-09-25,17.77,78066.0,-0.16853932584269815,28.9,6.8,25.5,0.0,25.9,Clear,17.85,17.89,17.66,17.77,78066
2024-09-26,17.61,53106.0,-0.9003939223410251,24.9,8.4,36.0,0.0,18.3,Clear,17.99,17.99,17.55,17.61,53106
2024-09-27,17.88,63193.0,1.5332197614991383,25.4,10.0,39.0,0.0,13.1,Clear,17.78,17.93,17.62,17.88,63193
2024-09-30,17.55,74903.0,-1.845637583892612,25.8,9.3,36.1,0.0,23.2,Clear,17.82,17.82,17.44,17.55,74903
2024-10-01,17.41,63460.0,-0.7977207977208023,27.8,11.2,36.8,0.0,23.1,Clear,17.56,17.56,17.13,17.41,63460
2024-10-02,17.32,40708.0,-0.5169442848937389,29.7,11.7,34.8,0.0,18.2,Clear,17.32,17.4799,17.3,17.32,40708
2024-10-03,17.25,53696.0,-0.4041570438799047,31.1,10.1,29.2,0.0,16.6,Clear,17.17,17.32,16.995,17.25,53696
2024-10-04,17.17,70685.0,-0.4637681159420204,30.6,8.3,26.3,0.0,18.4,Clear,17.47,17.47,17.16,17.17,70685
2024-10-07,16.87,80096.0,-1.7472335468841083,29.1,10.5,32.5,0.0,14.9,Clear,17.05,17.27,16.8,16.87,80096
2024-10-08,16.69,,-1.0669828097213951,28.9,8.0,28.8,0.0,14.8,Clear,16.97,16.97,16.63,16.69,103164
2024-10-09,16.55,82131.0,-0.8388256440982622,27.2,7.0,28.7,0.0,18.3,Clear,16.64,16.735,16.51,16.55,82131
2024-10-10,16.48,,-0.4229607250755274,25.5,8.6,35.2,0.0,18.4,Clear,16.42,16.51,16.34,16.48,129519
2024-10-11,16.7,,1.3349514563106624,24.4,9.2,40.0,0.0,16.7,Clear,16.54,16.79,16.54,16.7,113110
2024-10-14,16.48,64646.0,-1.3173652694610682,22.3,12.0,52.9,0.0,20.3,Clear,16.65,16.65,16.42,16.48,64646
2024-10-15,16.58,,0.6067961165048485,22.8,12.9,54.8,0.0,16.6,Clear,16.53,16.76,16.44,16.58,108118
2024-10-16,16.83,,1.5078407720144682,22.6,12.9,55.2,0.0,20.4,Clear,16.74,16.92,16.61,16.83,88950
2024-10-17,16.7,79803.0,-0.7724301841948833,19.8,10.9,58.6,0.0,28.0,Clear,16.89,16.89,16.58,16.7,79803
2024-10-18,16.65,80121.0,-0.29940119760479833,15.5,1.0,40.5,0.0,14.8,Clear,16.7,16.715,16.54,16.65,80121
2024-10-21,16.34,77387.0,-1.8618618618618576,20.4,-0.3,26.1,0.0,14.9,Clear,16.66,16.8,16.3,16.34,77387
2024-10-22,16.37,48141.0,0.1835985312117483,19.8,2.2,32.2,0.0,12.9,Clear,16.36,16.38,16.255,16.37,48141
2024-10-23,16.31,63390.0,-0.36652412950520796,19.4,4.6,39.2,0.0,13.2,Clear,16.33,16.42,16.15,16.31,63390
2024-10-24,16.08,83083.0,-1.4101778050275904,18.2,5.6,44.6,0.0,11.0,Clear,16.38,16.38,16.08,16.08,83083
2024-10-25,15.94,75064.0,-0.8706467661691475,19.4,5.7,42.5,0.0,20.4,Clear,16.1,16.15,15.93,15.94,75064
2024-10-28,16.19,,1.5683814303638854,16.0,5.9,52.7,0.0,24.3,Partially cloudy,16.12,16.235,16.1,16.19,100711
2024-10-29,16.04,77146.0,-0.9264978381717248,13.9,5.0,56.7,0.007,18.6,"Rain, Partially cloudy",16.02,16.19,15.99,16.04,77146
2024-10-30,16.14,61055.0,0.6234413965087393,14.5,2.4,46.2,0.0,13.1,Clear,16.05,16.3064,16.05,16.14,61055
2024-10-31,15.91,82515.0,-1.4250309789343274,14.7,2.1,45.0,0.0,24.3,Clear,16.18,16.18,15.8501,15.91,82515
2024-11-01,15.84,,-0.439974858579506,13.9,5.7,58.5,0.0,14.8,Clear,15.98,16.03,15.71,15.84,109652
2024-11-04,15.83,77435.0,-0.06313131313131493,13.5,3.6,53.2,0.0,12.9,Clear,15.87,15.98,15.71,15.83,77435
2024-11-05,16.1,,1.7056222362602735,13.4,3.1,50.7,0.0,13.2,Clear,15.73,16.22,15.67,16.1,128263
2024-11-06,17.5,,,14.9,-2.3,37.7,0.0,38.8,Clear,16.93,17.5,16.93,17.5,180700
2024-11-07,16.51,,,13.7,-3.8,33.5,0.0,17.2,Clear,17.53,17.53,16.4101,16.51,111399
2024-11-08,16.83,82624.0,1.9382192610538862,14.5,-6.1,24.6,0.0,12.7,Clear,16.55,16.93,16.4239,16.83,82624
2024-11-11,17.31,,,13.6,3.7,55.3,1.482,47.9,"Rain, Partially cloudy",17.0,17.46,16.905,17.31,112542
2024-11-12,16.66,,,11.5,6.8,75.2,0.0,13.1,Partially cloudy,17.25,17.37,16.62,16.66,99994
2024-11-13,16.14,74355.0,,11.9,4.5,62.8,0.0,11.1,Clear,16.88,16.88,16.13,16.14,74355
2024-11-14,16.0,63449.0,-0.867410161090465,11.9,5.3,65.1,0.0,15.0,Clear,16.08,16.25,15.955,16.0,63449
2024-11-15,16.04,68819.0,0.24999999999999467,10.5,5.7,74.1,2.876,22.4,"Rain, Partially cloudy",16.17,16.17,15.92,16.04,68819
2024-11-18,15.94,66505.0,-0.6234413965087282,8.9,3.6,69.7,0.0,17.1,Partially cloudy,16.03,16.07,15.94,15.94,66505
2024-11-19,15.82,74690.0,-0.7528230865746499,9.4,1.8,61.6,0.0,11.1,Clear,15.85,15.88,15.645,15.82,74690
