datetime,temp,dew,humidity,precip,windspeed,conditions
2023-01-01,10.3,6.5,78.5,1.379,40.5,"Rain, Partially cloudy"
2023-01-02,8.4,4.2,75.3,2.391,14.5,"Rain, Partially cloudy"
2023-01-03,9.2,6.5,83.6,0.498,13.2,Rain
2023-01-04,14.7,6.5,60.4,0.002,57.3,Rain
2023-01-05,13.3,7.8,69.6,3.21,38.8,"Rain, Partially cloudy"
2023-01-06,10.2,5.8,75.6,0.0,14.8,Clear
2023-01-07,11.8,5.1,66.6,0.0,23.9,Clear
2023-01-08,15.0,6.4,59.2,0.316,22.2,"Rain, Partially cloudy"
2023-01-09,15.8,10.7,72.3,20.69,29.5,"Rain, Overcast"
2023-01-10,13.1,7.7,70.3,3.197,22.4,"Rain, Partially cloudy"
2023-01-11,12.0,5.4,65.0,0.002,13.0,"Rain, Partially cloudy"
2023-01-12,14.4,1.5,47.3,0.0,42.2,Clear
2023-01-13,15.6,3.1,44.9,0.0,31.4,Clear
2023-01-14,12.3,8.4,77.8,4.284,17.9,"Rain, Partially cloudy"
2023-01-15,10.8,7.0,78.0,4.388,14.9,"Rain, Partially cloudy"
2023-01-16,10.7,5.3,70.1,2.732,37.3,"Rain, Partially cloudy"
2023-01-17,7.2,4.6,83.9,0.303,16.6,"Rain, Partially cloudy"
2023-01-18,7.5,2.8,74.2,0.0,9.4,Clear
2023-01-19,7.0,3.6,79.1,0.009,20.7,"Rain, Partially cloudy"
2023-01-20,7.5,3.1,74.9,0.0,12.9,Partially cloudy
2023-01-21,7.3,3.0,74.9,0.0,10.9,Clear
2023-01-22,6.5,3.2,79.7,0.0,14.8,Partially cloudy
2023-01-23,6.8,1.1,69.0,0.0,11.4,Clear
2023-01-24,7.1,1.8,70.5,0.0,11.2,Clear
2023-01-25,8.6,3.7,72.6,0.0,13.2,Clear
2023-01-26,9.5,4.0,70.6,0.0,20.7,Clear
2023-01-27,9.9,3.5,66.1,0.0,11.2,Clear
2023-01-28,9.0,4.2,72.7,0.0,13.1,Clear
2023-01-29,8.6,3.8,73.2,4.486,18.1,"Rain, Partially cloudy"
2023-01-30,6.8,4.9,88.2,3.854,17.7,"Rain, Overcast"
2023-01-31,8.3,3.3,71.8,0.0,14.9,Partially cloudy
2023-02-01,8.0,1.7,67.2,0.0,9.4,Clear
2023-02-02,9.6,3.1,65.3,0.0,16.4,Clear
2023-02-03,11.9,3.2,57.4,0.0,13.0,Clear
2023-02-04,12.1,2.9,56.3,0.0,12.9,Clear
2023-02-05,11.8,7.5,75.7,4.38,24.1,"Rain, Partially cloudy"
2023-02-06,8.1,4.5,79.1,0.298,11.1,"Rain, Partially cloudy"
2023-02-07,8.4,3.5,72.9,0.0,16.2,Clear
2023-02-08,9.7,5.0,73.8,0.0,11.0,Clear
2023-02-09,11.2,6.2,72.9,0.0,11.3,Clear
2023-02-10,13.2,3.1,59.0,0.0,20.4,Clear
2023-02-11,9.9,3.5,65.2,0.0,14.6,Partially cloudy
2023-02-12,8.8,2.6,66.1,0.0,13.2,Clear
2023-02-13,11.6,2.9,57.7,0.0,18.5,Clear
2023-02-14,9.3,-0.4,53.4,0.0,38.7,Partially cloudy
2023-02-15,5.8,-3.1,56.0,0.0,14.8,Clear
2023-02-16,8.4,-5.6,40.0,0.0,13.1,Clear
2023-02-17,10.7,-6.2,30.7,0.0,24.1,Clear
2023-02-18,10.0,-2.8,42.7,0.0,13.1,Clear
2023-02-19,10.8,-0.5,47.4,0.0,11.4,Clear
2023-02-20,12.0,1.9,52.3,0.0,20.3,Clear
2023-02-21,12.4,1.1,48.2,0.027,42.7,Rain
2023-02-22,6.5,-0.9,60.3,1.792,30.0,"Rain, Partially cloudy"
2023-02-23,6.3,0.4,67.6,2.554,18.2,"Rain, Partially cloudy"
2023-02-24,10.1,2.3,60.7,19.275,54.7,"Rain, Partially cloudy"
2023-02-25,5.3,3.2,86.9,29.081,16.5,"Rain, Overcast"
2023-02-26,8.3,3.2,71.4,0.0,13.2,Partially cloudy
2023-02-27,10.0,4.5,69.6,0.352,24.1,"Rain, Partially cloudy"
2023-02-28,9.0,4.0,72.1,4.35,13.1,"Rain, Partially cloudy"
2023-03-01,7.0,1.9,71.2,3.967,37.1,"Rain, Overcast"
2023-03-02,7.7,0.4,61.6,0.0,13.1,Clear
2023-03-03,9.5,2.0,62.1,0.0,11.3,Clear
2023-03-04,9.3,2.6,64.1,0.0,29.5,Partially cloudy
2023-03-05,10.0,4.1,67.1,0.019,29.5,"Rain, Partially cloudy"
2023-03-06,8.5,2.5,68.2,0.0,24.1,Partially cloudy
2023-03-07,8.2,2.6,69.6,0.0,16.7,Partially cloudy
2023-03-08,8.9,2.1,64.5,0.0,13.1,Clear
2023-03-09,11.6,4.0,63.3,0.805,14.7,"Rain, Partially cloudy"
2023-03-10,15.9,13.0,83.3,11.651,16.7,"Rain, Overcast"
2023-03-11,16.3,13.1,82.1,10.256,18.5,"Rain, Partially cloudy"
2023-03-12,16.0,10.5,72.3,0.0,16.7,Partially cloudy
2023-03-13,16.7,10.0,66.9,0.0,14.9,Clear
2023-03-14,16.0,11.2,73.6,1.871,25.7,"Rain, Partially cloudy"
2023-03-15,13.1,10.4,84.6,25.342,26.9,"Rain, Partially cloudy"
2023-03-16,12.0,8.3,79.5,0.0,13.1,Partially cloudy
2023-03-17,13.3,8.8,75.7,0.0,16.5,Clear
2023-03-18,15.9,4.1,53.0,0.0,37.5,Clear
2023-03-19,16.3,7.2,57.7,3.414,45.9,"Rain, Partially cloudy"
2023-03-20,14.2,9.0,71.7,0.0,18.4,Partially cloudy
2023-03-21,12.5,6.3,68.0,5.686,40.4,"Rain, Partially cloudy"
2023-03-22,10.8,5.8,72.6,0.922,16.6,"Rain, Partially cloudy"
2023-03-23,10.6,7.9,83.8,1.816,25.9,"Rain, Overcast"
2023-03-24,9.4,4.7,74.6,0.0,24.4,Partially cloudy
2023-03-25,8.5,2.5,67.1,0.0,15.0,Partially cloudy
2023-03-26,8.2,1.3,64.4,0.0,20.7,Clear
2023-03-27,11.3,-1.5,47.4,0.0,18.5,Clear
2023-03-28,14.5,-0.1,39.5,0.012,18.2,"Rain, Partially cloudy"
2023-03-29,10.7,5.9,73.8,11.411,27.6,"Rain, Overcast"
2023-03-30,10.0,5.3,74.0,0.062,23.9,"Rain, Partially cloudy"
2023-03-31,11.4,4.9,66.5,0.0,17.8,Clear
2023-04-01,12.3,6.2,68.0,0.0,11.5,Clear
2023-04-02,14.0,7.6,67.6,0.0,28.6,Partially cloudy
2023-04-03,10.4,0.1,52.0,0.0,46.4,Partially cloudy
2023-04-04,8.2,-0.9,56.7,0.0,24.4,Clear
2023-04-05,10.9,0.5,50.7,0.0,16.4,Clear
2023-04-06,13.5,3.1,53.4,0.0,15.7,Clear
2023-04-07,16.8,5.7,50.2,0.0,20.6,Partially cloudy
2023-04-08,16.1,10.2,70.1,0.0,22.4,Partially cloudy
2023-04-09,18.1,11.2,66.1,0.0,14.8,Clear
2023-04-10,21.6,12.6,59.9,0.0,16.6,Clear
2023-04-11,18.5,11.2,64.1,0.0,18.4,Clear
2023-04-12,16.0,7.8,61.0,0.0,18.3,Partially cloudy
2023-04-13,13.0,3.0,53.8,0.0,18.4,Partially cloudy
2023-04-14,14.6,2.5,46.5,0.0,13.2,Clear
2023-04-15,16.9,5.5,49.1,0.0,21.5,Clear
2023-04-16,18.1,8.5,55.3,0.0,18.3,Clear
2023-04-17,15.5,7.5,61.7,0.0,24.2,Clear
2023-04-18,12.8,4.6,59.8,0.0,26.1,Partially cloudy
2023-04-19,11.8,1.6,52.6,0.0,24.2,Partially cloudy
2023-04-20,14.5,2.5,47.1,0.003,14.8,Rain
2023-04-21,18.1,5.2,45.5,0.0,14.9,Clear
2023-04-22,21.2,8.4,45.4,0.0,18.5,Clear
2023-04-23,21.8,10.1,49.6,0.0,22.5,Clear
2023-04-24,20.7,8.9,50.9,0.0,20.7,Clear
2023-04-25,20.7,6.7,44.1,0.0,18.4,Clear
2023-04-26,23.0,7.3,38.7,0.0,24.0,Clear
2023-04-27,25.1,8.8,37.8,0.0,22.2,Clear
2023-04-28,26.8,9.5,35.6,0.0,25.7,Clear
2023-04-29,26.3,11.7,42.1,0.0,20.5,Clear
2023-04-30,24.4,9.0,41.5,0.0,29.2,Clear
2023-05-01,15.8,4.7,48.8,0.003,31.5,"Rain, Partially cloudy"
2023-05-02,14.7,4.4,51.0,0.0,25.8,Partially cloudy
2023-05-03,14.6,4.3,53.3,0.0,27.6,Partially cloudy
2023-05-04,14.2,7.3,67.5,2.752,27.4,"Rain, Partially cloudy"
2023-05-05,15.4,7.6,63.8,1.112,22.2,"Rain, Partially cloudy"
2023-05-06,15.5,6.6,57.9,0.0,20.6,Partially cloudy
2023-05-07,17.0,7.2,56.5,0.0,24.6,Partially cloudy
2023-05-08,17.5,7.5,54.4,0.0,20.7,Clear
2023-05-09,16.6,7.3,56.6,0.0,35.1,Clear
2023-05-10,17.7,6.3,49.2,0.0,28.5,Clear
2023-05-11,18.1,7.9,54.0,0.0,20.6,Clear
2023-05-12,21.7,9.7,48.0,0.0,25.5,Clear
2023-05-13,25.8,12.1,44.6,0.0,22.3,Clear
2023-05-14,28.5,8.8,32.8,0.0,31.5,Clear
2023-05-15,27.1,8.9,32.9,0.0,23.9,Clear
2023-05-16,26.7,12.3,43.3,0.0,16.4,Clear
2023-05-17,28.3,10.9,35.8,0.0,18.5,Clear
2023-05-18,27.7,9.1,35.2,0.0,22.5,Clear
2023-05-19,26.7,9.7,37.7,0.0,22.3,Clear
2023-05-20,26.7,10.3,37.9,0.0,24.1,Clear
2023-05-21,26.6,11.4,41.2,0.0,18.3,Clear
2023-05-22,28.2,10.9,36.2,0.0,20.5,Clear
2023-05-23,25.7,6.4,29.6,0.0,31.5,Clear
2023-05-24,19.6,7.6,47.4,0.0,24.6,Clear
2023-05-25,19.6,7.9,47.8,0.0,29.2,Clear
2023-05-26,20.4,9.5,50.4,0.0,20.7,Partially cloudy
2023-05-27,22.1,11.1,51.2,0.0,18.5,Clear
2023-05-28,24.1,10.1,43.7,0.0,25.8,Clear
2023-05-29,20.9,9.0,47.7,0.0,31.5,Clear
2023-05-30,19.4,9.9,54.6,0.0,22.2,Partially cloudy
2023-05-31,21.6,9.3,46.9,0.0,24.1,Partially cloudy
2023-06-01,22.1,8.0,41.9,0.0,24.1,Clear
2023-06-02,22.9,7.6,38.6,0.0,24.1,Clear
2023-06-03,25.3,9.8,39.1,0.0,20.6,Clear
2023-06-04,27.6,10.9,36.9,0.0,20.4,Clear
2023-06-05,24.0,10.1,41.7,0.0,31.4,Clear
2023-06-06,19.8,11.3,59.3,6.268,31.5,"Rain, Partially cloudy"
2023-06-07,17.9,14.2,79.7,1.963,16.6,"Rain, Partially cloudy"
2023-06-08,21.4,13.8,63.8,0.0,14.9,Partially cloudy
2023-06-09,23.7,14.0,55.9,0.0,21.4,Partially cloudy
2023-06-10,22.8,11.9,51.8,0.0,20.5,Partially cloudy
2023-06-11,22.7,10.3,47.6,0.0,27.7,Clear
2023-06-12,21.9,10.5,50.1,0.0,22.2,Clear
2023-06-13,23.4,12.7,52.0,0.0,24.1,Clear
2023-06-14,25.3,12.8,48.2,0.0,19.1,Clear
2023-06-15,26.0,13.1,46.1,0.0,24.2,Clear
2023-06-16,27.4,12.8,42.4,0.0,27.7,Clear
2023-06-17,28.6,13.1,40.8,0.0,20.6,Clear
2023-06-18,28.1,10.1,33.9,0.0,29.6,Clear
2023-06-19,21.8,6.0,38.4,0.0,22.6,Clear
2023-06-20,19.7,5.1,40.0,0.026,20.7,Rain
2023-06-21,21.5,3.7,33.3,0.0,18.7,Clear
2023-06-22,21.7,4.6,33.6,0.0,38.6,Clear
2023-06-23,20.0,8.1,47.3,0.0,21.9,Clear
2023-06-24,22.6,10.9,49.0,0.0,20.5,Clear
2023-06-25,23.1,10.4,45.7,0.0,24.2,Clear
2023-06-26,23.6,9.6,44.8,0.0,20.6,Clear
2023-06-27,25.0,8.6,37.3,0.0,20.6,Clear
2023-06-28,25.4,10.0,39.7,0.0,22.5,Clear
2023-06-29,28.1,12.3,38.8,0.0,18.4,Clear
2023-06-30,31.3,13.6,35.9,0.0,24.1,Clear
2023-07-01,33.6,15.2,34.8,0.0,22.3,Clear
2023-07-02,34.5,13.1,29.5,0.0,20.6,Clear
2023-07-03,33.2,9.8,25.5,0.0,29.4,Clear
2023-07-04,30.6,4.4,19.7,0.0,26.3,Clear
2023-07-05,28.9,4.9,22.7,0.0,22.3,Clear
2023-07-06,27.3,7.4,30.3,0.0,24.4,Clear
2023-07-07,26.9,9.8,36.9,0.0,18.5,Clear
2023-07-08,26.3,8.5,35.7,0.0,22.4,Clear
2023-07-09,25.2,8.9,38.2,0.0,18.6,Clear
2023-07-10,24.9,9.9,41.8,0.0,20.6,Clear
2023-07-11,28.6,9.3,31.6,0.0,16.7,Clear
2023-07-12,30.3,5.7,22.1,0.0,20.6,Clear
2023-07-13,29.7,8.1,27.0,0.0,22.4,Clear
2023-07-14,29.9,10.4,30.6,0.0,21.9,Clear
2023-07-15,32.5,12.4,30.5,0.0,18.5,Clear
2023-07-16,34.9,14.3,30.4,0.0,16.7,Clear
2023-07-17,35.3,8.6,19.7,0.0,27.7,Clear
2023-07-18,34.4,6.5,18.2,0.0,27.7,Clear
2023-07-19,32.6,8.8,23.6,0.0,22.3,Clear
2023-07-20,31.4,12.6,34.1,0.0,18.4,Clear
2023-07-21,32.4,12.2,31.9,0.0,18.4,Clear
2023-07-22,34.0,11.2,26.2,0.0,22.3,Clear
2023-07-23,34.9,12.8,27.9,0.0,23.8,Clear
2023-07-24,32.0,7.4,22.8,0.0,27.7,Clear
2023-07-25,30.3,11.0,32.3,0.0,16.8,Clear
2023-07-26,31.8,11.3,29.8,0.0,16.7,Clear
2023-07-27,31.1,11.1,30.8,0.0,19.8,Clear
2023-07-28,29.9,12.5,37.3,0.0,22.8,Clear
2023-07-29,30.1,10.3,32.4,0.0,21.0,Clear
2023-07-30,29.9,9.5,30.9,0.0,15.0,Clear
2023-07-31,30.8,9.1,28.7,0.0,22.1,Clear
2023-08-01,30.9,6.8,23.6,0.0,24.0,Clear
2023-08-02,27.9,4.5,23.1,0.0,18.5,Clear
2023-08-03,26.3,9.3,35.2,0.0,22.3,Clear
2023-08-04,25.7,11.9,44.4,0.0,20.6,Clear
2023-08-05,28.9,10.6,33.9,0.0,22.4,Clear
2023-08-06,30.1,10.8,31.0,0.0,20.6,Clear
2023-08-07,31.5,10.8,29.8,0.0,24.0,Clear
2023-08-08,31.4,6.3,21.1,0.0,26.0,Clear
2023-08-09,28.3,7.7,28.3,0.0,22.4,Clear
2023-08-10,25.3,11.9,43.9,0.0,20.7,Clear
2023-08-11,27.2,14.2,46.6,0.0,22.3,Clear
2023-08-12,28.7,14.3,43.5,0.0,24.0,Clear
2023-08-13,30.6,13.8,38.2,0.053,27.3,Rain
2023-08-14,32.3,13.3,33.0,0.0,22.2,Clear
2023-08-15,33.7,12.5,28.0,0.0,25.6,Clear
2023-08-16,32.7,13.8,32.3,0.0,22.2,Clear
2023-08-17,33.9,12.3,30.0,0.0,27.4,Clear
2023-08-18,31.2,6.4,21.9,0.0,24.0,Clear
2023-08-19,28.6,13.1,39.1,0.305,29.2,"Rain, Partially cloudy"
2023-08-20,22.3,19.8,86.4,27.034,20.3,"Rain, Overcast"
2023-08-21,25.1,16.9,63.5,0.339,33.1,"Rain, Partially cloudy"
2023-08-22,25.3,17.7,64.0,0.0,20.5,Partially cloudy
2023-08-23,27.9,18.9,60.5,0.0,22.0,Clear
2023-08-24,29.6,16.6,49.0,0.0,22.1,Clear
2023-08-25,27.4,12.3,40.0,0.0,24.0,Clear
2023-08-26,27.5,14.0,47.2,0.0,22.2,Clear
2023-08-27,27.7,13.0,43.1,0.0,20.9,Clear
2023-08-28,28.5,12.7,40.2,0.0,18.7,Clear
2023-08-29,29.2,12.3,38.1,0.0,20.6,Clear
2023-08-30,27.9,11.6,38.0,0.0,19.2,Clear
2023-08-31,30.0,9.3,31.1,0.0,23.9,Clear
2023-09-01,27.9,6.9,27.6,0.0,20.5,Clear
2023-09-02,24.3,14.6,55.8,0.0,27.4,Partially cloudy
2023-09-03,22.8,14.3,59.5,0.0,26.0,Partially cloudy
2023-09-04,22.3,12.7,57.0,0.0,21.4,Clear
2023-09-05,25.6,13.1,47.6,0.0,18.5,Clear
2023-09-06,26.3,12.6,44.2,0.0,14.8,Clear
2023-09-07,26.4,12.4,44.1,0.0,16.4,Clear
2023-09-08,28.0,11.5,37.4,0.0,20.4,Clear
2023-09-09,29.6,11.2,33.0,0.004,18.1,Rain
2023-09-10,28.2,14.0,42.8,0.0,14.6,Clear
2023-09-11,27.3,11.2,39.2,0.0,24.0,Clear
2023-09-12,27.0,9.3,35.2,0.0,20.5,Clear
2023-09-13,26.6,9.4,35.7,0.0,18.4,Clear
2023-09-14,27.3,10.7,36.7,0.0,22.2,Clear
2023-09-15,28.0,13.2,41.1,0.0,23.9,Clear
2023-09-16,27.0,14.4,47.0,0.0,20.6,Clear
2023-09-17,23.5,14.1,56.6,0.0,22.8,Clear
2023-09-18,22.6,12.7,54.5,0.0,14.9,Partially cloudy
2023-09-19,23.0,13.0,54.7,0.0,19.2,Partially cloudy
2023-09-20,24.5,12.9,49.3,0.0,21.4,Partially cloudy
2023-09-21,21.3,10.9,52.8,0.0,25.9,Clear
2023-09-22,22.0,9.5,46.1,0.0,18.3,Clear
2023-09-23,22.9,10.3,47.0,0.0,13.2,Clear
2023-09-24,22.9,9.4,45.3,0.0,15.3,Clear
2023-09-25,21.8,10.1,49.1,0.0,11.3,Clear
2023-09-26,21.0,10.9,54.2,0.0,13.3,Clear
2023-09-27,22.0,11.4,52.2,0.0,18.5,Clear
2023-09-28,22.2,11.2,51.3,0.0,18.4,Clear
2023-09-29,22.9,9.9,46.4,0.0,18.3,Clear
2023-09-30,19.3,10.3,57.0,0.002,22.2,"Rain, Partially cloudy"
2023-10-01,17.4,10.1,63.8,3.523,14.8,"Rain, Partially cloudy"
2023-10-02,19.2,10.4,58.3,0.0,20.5,Partially cloudy
2023-10-03,21.0,9.7,50.5,0.0,12.9,Clear
2023-10-04,23.9,9.7,43.0,0.0,22.3,Clear
2023-10-05,25.0,9.4,39.3,0.0,22.2,Clear
2023-10-06,26.2,10.0,37.4,0.0,16.5,Clear
2023-10-07,27.1,10.0,36.4,0.0,18.1,Clear
2023-10-08,28.1,7.5,28.9,0.0,16.4,Clear
2023-10-09,25.3,7.5,34.3,0.0,27.5,Clear
2023-10-10,20.1,12.2,62.0,0.0,16.9,Clear
2023-10-11,18.4,8.4,53.2,0.004,31.5,"Rain, Partially cloudy"
2023-10-12,18.5,6.2,46.4,0.0,14.8,Clear
2023-10-13,20.4,4.5,38.7,0.0,18.1,Clear
2023-10-14,21.2,3.5,32.1,0.0,13.0,Clear
2023-10-15,21.0,6.3,40.0,0.0,9.6,Clear
2023-10-16,22.0,8.5,43.4,0.0,15.0,Clear
2023-10-17,20.8,11.1,54.8,0.0,11.1,Clear
2023-10-18,22.7,11.9,52.6,0.0,20.4,Clear
2023-10-19,24.5,11.6,46.7,0.0,18.2,Clear
2023-10-20,26.1,9.5,38.0,0.0,16.7,Clear
2023-10-21,22.7,10.2,46.3,0.0,23.9,Clear
2023-10-22,19.2,11.4,62.8,0.0,26.1,Clear
2023-10-23,17.4,13.6,78.8,3.78,23.9,"Rain, Partially cloudy"
2023-10-24,18.5,11.8,67.5,0.0,11.4,Clear
2023-10-25,18.9,9.8,58.8,0.0,29.7,Clear
2023-10-26,15.2,7.8,63.0,0.0,16.8,Clear
2023-10-27,14.2,6.3,61.4,0.0,19.8,Clear
2023-10-28,13.6,3.3,53.0,0.0,20.5,Clear
2023-10-29,13.8,1.0,44.4,0.0,18.6,Clear
2023-10-30,14.4,-1.7,37.0,0.0,18.4,Clear
2023-10-31,15.9,-1.4,32.6,0.0,18.5,Clear
2023-11-01,15.9,0.3,36.6,0.0,20.4,Clear
2023-11-02,16.9,-0.1,34.0,0.0,14.6,Clear
2023-11-03,17.1,0.6,34.4,0.0,9.3,Clear
2023-11-04,18.3,1.6,34.2,0.0,12.7,Clear
2023-11-05,19.2,2.5,34.2,0.0,16.6,Clear
2023-11-06,18.6,8.3,51.7,0.0,22.3,Partially cloudy
2023-11-07,15.1,9.1,69.3,0.308,22.4,"Rain, Partially cloudy"
2023-11-08,13.5,5.1,59.2,0.0,13.2,Clear
2023-11-09,13.1,3.6,54.3,0.0,14.7,Clear
2023-11-10,12.4,2.6,52.6,0.0,12.8,Clear
2023-11-11,13.3,2.5,49.6,0.0,11.3,Clear
2023-11-12,16.0,-0.3,37.7,0.0,14.7,Clear
2023-11-13,19.0,-3.6,22.5,0.003,27.6,Rain
2023-11-14,15.1,-0.3,36.4,0.0,16.7,Clear
2023-11-15,16.3,1.0,38.9,0.043,37.0,"Rain, Partially cloudy"
2023-11-16,18.8,8.9,54.1,0.006,18.2,"Rain, Partially cloudy"
2023-11-17,18.0,7.9,55.5,0.0,34.9,Clear
2023-11-18,18.1,8.1,55.8,0.316,27.5,"Rain, Partially cloudy"
2023-11-19,13.2,7.0,68.3,0.008,22.5,"Rain, Partially cloudy"
2023-11-20,10.9,2.8,60.7,0.0,13.2,Clear
2023-11-21,13.8,0.4,43.7,0.0,15.2,Clear
2023-11-22,12.5,1.7,49.1,0.0,11.2,Clear
2023-11-23,13.7,2.4,48.3,0.0,15.0,Clear
2023-11-24,10.6,-0.1,49.6,0.0,14.7,Clear
2023-11-25,9.0,-0.6,53.0,0.0,11.6,Clear
2023-11-26,9.3,-2.0,47.3,0.0,29.7,Clear
2023-11-27,10.4,-3.5,40.0,0.0,15.0,Clear
2023-11-28,11.5,-4.4,35.2,0.0,13.0,Clear
2023-11-29,12.8,0.0,42.1,0.0,13.1,Partially cloudy
2023-11-30,11.7,3.9,59.8,0.004,9.5,"Rain, Partially cloudy"
2023-12-01,10.5,3.4,62.8,0.0,18.5,Partially cloudy
2023-12-02,10.2,2.3,59.4,0.0,13.0,Clear
2023-12-03,10.5,3.0,60.5,0.0,11.3,Clear
2023-12-04,11.6,4.3,61.6,0.0,16.0,Clear
2023-12-05,12.0,5.1,64.4,0.0,25.4,Clear
2023-12-06,15.0,5.7,58.4,0.0,31.3,Clear
2023-12-07,12.0,5.8,66.9,0.002,18.7,"Rain, Partially cloudy"
2023-12-08,7.9,3.3,72.7,0.0,18.4,Partially cloudy
2023-12-09,7.8,2.2,69.2,0.0,11.8,Clear
2023-12-10,8.2,1.9,65.9,0.0,11.5,Clear
2023-12-11,9.5,1.4,58.4,0.0,9.4,Clear
2023-12-12,9.6,1.1,56.4,0.0,11.0,Clear
2023-12-13,9.4,0.6,56.3,0.0,11.4,Clear
2023-12-14,10.9,1.2,53.6,0.0,13.1,Clear
2023-12-15,11.0,0.5,51.4,0.0,16.8,Clear
2023-12-16,11.8,1.2,50.8,0.0,13.1,Clear
2023-12-17,12.3,1.7,49.1,0.0,13.2,Clear
2023-12-18,15.4,4.1,50.0,0.009,18.4,"Rain, Partially cloudy"
2023-12-19,14.8,9.0,68.5,0.02,13.2,"Rain, Partially cloudy"
2023-12-20,14.6,9.3,72.1,4.06,27.4,"Rain, Partially cloudy"
2023-12-21,11.9,11.0,94.5,6.284,22.4,"Rain, Overcast"
2023-12-22,11.8,10.5,91.8,1.912,26.7,"Rain, Partially cloudy"
2023-12-23,11.0,9.3,89.5,0.0,12.7,Partially cloudy
2023-12-24,11.8,8.5,80.4,0.002,13.0,"Rain, Overcast"
2023-12-25,11.1,6.9,76.7,0.0,12.7,Partially cloudy
2023-12-26,11.2,7.1,77.1,0.0,11.2,Clear
2023-12-27,12.0,7.5,75.8,0.0,18.3,Clear
2023-12-28,13.4,4.2,58.3,0.0,14.7,Clear
2023-12-29,14.9,3.4,48.8,0.0,24.0,Clear
2023-12-30,12.2,8.4,78.4,4.412,27.4,"Rain, Partially cloudy"
2023-12-31,9.9,6.6,80.4,0.0,14.8,Clear
2024-01-01,8.9,6.9,87.2,0.0,14.7,Partially cloudy
2024-01-02,6.9,5.9,93.6,0.0,9.3,Partially cloudy
2024-01-03,9.7,6.9,83.7,4.074,22.2,"Rain, Partially cloudy"
2024-01-04,8.5,5.7,83.1,0.005,13.1,"Rain, Partially cloudy"
2024-01-05,8.0,3.8,76.1,0.0,12.7,Clear
2024-01-06,7.7,3.8,77.2,0.837,18.7,"Rain, Partially cloudy"
2024-01-07,6.3,2.1,75.4,0.015,24.0,"Rain, Partially cloudy"
2024-01-08,6.1,-0.5,64.3,0.0,11.2,Clear
2024-01-09,6.4,-0.5,63.4,0.0,14.9,Clear
2024-01-10,8.1,2.9,69.8,0.004,11.2,"Rain, Partially cloudy"
2024-01-11,7.2,1.5,69.1,1.567,35.4,Rain
2024-01-12,5.8,-0.6,65.5,0.0,15.0,Clear
2024-01-13,6.7,1.4,70.8,0.003,22.5,Rain
2024-01-14,9.6,3.4,66.8,0.0,11.5,Partially cloudy
2024-01-15,9.7,5.8,78.0,0.0,13.0,Clear
2024-01-16,8.7,7.1,90.5,0.0,11.3,Partially cloudy
2024-01-17,11.3,9.3,87.6,1.814,14.8,"Rain, Overcast"
2024-01-18,11.4,8.5,83.7,0.0,15.1,Partially cloudy
2024-01-19,13.0,8.7,77.1,0.0,18.5,Clear
2024-01-20,13.5,9.6,78.2,2.477,16.5,"Rain, Partially cloudy"
2024-01-21,14.1,9.9,77.8,2.025,11.2,"Rain, Partially cloudy"
2024-01-22,13.2,10.5,84.0,18.018,20.3,"Rain, Overcast"
2024-01-23,12.3,10.9,91.2,5.652,18.5,"Rain, Partially cloudy"
2024-01-24,12.3,10.5,88.4,3.55,16.5,"Rain, Partially cloudy"
2024-01-25,12.6,10.2,86.1,0.008,18.5,"Rain, Partially cloudy"
2024-01-26,11.8,8.2,79.4,0.0,22.8,Clear
2024-01-27,13.3,9.5,78.4,0.0,13.1,Clear
2024-01-28,13.6,10.5,82.4,0.0,16.7,Clear
2024-01-29,15.2,10.2,75.3,0.0,15.0,Clear
2024-01-30,15.7,9.4,68.4,0.0,12.7,Clear
2024-01-31,17.3,5.5,50.9,0.0,49.6,Clear
2024-02-01,13.7,7.8,70.1,17.323,40.7,"Rain, Partially cloudy"
2024-02-02,11.0,7.5,80.3,2.681,13.2,"Rain, Partially cloudy"
2024-02-03,10.9,6.5,75.7,1.077,9.7,"Rain, Partially cloudy"
2024-02-04,14.7,6.3,58.6,1.573,58.7,"Rain, Partially cloudy"
2024-02-05,13.5,10.4,82.2,1.443,16.6,"Rain, Partially cloudy"
2024-02-06,10.7,7.6,81.8,8.646,20.3,"Rain, Overcast"
2024-02-07,10.0,6.4,79.4,8.322,27.6,"Rain, Overcast"
2024-02-08,8.2,3.5,73.0,0.002,11.5,"Rain, Partially cloudy"
2024-02-09,7.7,3.7,76.7,0.0,13.1,Partially cloudy
2024-02-10,8.7,3.9,73.0,0.0,11.2,Partially cloudy
2024-02-11,9.7,3.3,67.0,0.0,11.2,Clear
2024-02-12,10.6,4.4,66.9,0.0,12.8,Clear
2024-02-13,10.4,5.5,72.8,0.0,13.2,Clear
2024-02-14,11.8,6.6,71.2,0.0,18.3,Clear
2024-02-15,12.4,8.4,76.8,2.019,13.3,"Rain, Partially cloudy"
2024-02-16,11.8,7.4,75.8,0.0,11.1,Clear
2024-02-17,13.0,8.8,77.1,4.08,27.3,"Rain, Partially cloudy"
2024-02-18,14.4,9.5,76.2,2.31,11.3,"Rain, Partially cloudy"
2024-02-19,16.8,11.0,69.5,2.924,20.4,"Rain, Partially cloudy"
2024-02-20,14.1,10.3,78.8,3.432,16.4,"Rain, Partially cloudy"
2024-02-21,12.8,8.9,78.5,0.055,16.3,"Rain, Partially cloudy"
2024-02-22,12.4,8.0,75.3,0.0,9.5,Partially cloudy
2024-02-23,12.2,8.2,77.6,0.0,13.1,Clear
2024-02-24,13.6,8.6,73.7,0.0,11.3,Clear
2024-02-25,14.4,8.2,68.8,0.0,11.2,Clear
2024-02-26,14.6,7.9,65.3,0.0,15.0,Partially cloudy
2024-02-27,13.6,9.9,79.1,0.002,18.5,"Rain, Overcast"
2024-02-28,15.3,9.8,71.2,0.0,11.1,Partially cloudy
2024-02-29,14.5,8.4,68.3,0.0,24.0,Clear
2024-03-01,14.1,8.2,69.9,0.634,25.8,"Rain, Partially cloudy"
2024-03-02,12.4,7.3,72.4,2.207,27.6,"Rain, Partially cloudy"
2024-03-03,11.4,6.0,71.2,0.6,22.6,"Rain, Partially cloudy"
2024-03-04,10.0,4.6,71.2,0.0,24.1,Partially cloudy
2024-03-05,11.7,4.3,62.3,0.0,11.2,Clear
2024-03-06,11.6,6.3,72.1,2.86,18.3,"Rain, Partially cloudy"
2024-03-07,11.9,8.7,81.3,1.083,15.0,"Rain, Partially cloudy"
2024-03-08,13.7,8.3,71.9,0.0,11.1,Clear
2024-03-09,15.1,7.0,62.1,0.0,16.6,Clear
2024-03-10,14.1,7.9,68.9,0.0,13.0,Clear
2024-03-11,13.7,4.6,56.8,0.0,18.5,Partially cloudy
2024-03-12,13.1,7.6,70.7,0.0,15.0,Partially cloudy
2024-03-13,12.2,6.8,71.3,0.0,20.5,Partially cloudy
2024-03-14,13.0,4.0,57.9,0.0,25.9,Clear
2024-03-15,13.3,1.8,49.8,0.0,18.3,Clear
2024-03-16,15.1,1.7,43.0,0.0,18.3,Clear
2024-03-17,15.6,4.1,48.3,0.0,12.7,Clear
2024-03-18,17.4,6.3,50.8,0.0,13.0,Clear
2024-03-19,18.2,7.5,52.4,0.0,22.8,Clear
2024-03-20,17.8,5.1,49.0,0.0,23.7,Clear
2024-03-21,16.2,5.0,49.6,0.0,14.9,Clear
2024-03-22,18.1,5.7,48.2,0.0,20.2,Clear
2024-03-23,13.3,8.1,73.2,9.522,33.2,"Rain, Partially cloudy"
2024-03-24,10.6,7.1,79.6,2.135,29.1,"Rain, Partially cloudy"
2024-03-25,12.6,7.5,73.1,3.734,18.4,"Rain, Partially cloudy"
2024-03-26,12.9,6.9,69.0,0.0,24.6,Partially cloudy
2024-03-27,15.2,5.6,56.6,0.0,18.2,Clear
2024-03-28,15.1,8.5,65.1,0.011,29.4,"Rain, Partially cloudy"
2024-03-29,13.2,5.2,61.5,0.002,33.3,"Rain, Partially cloudy"
2024-03-30,13.2,5.9,64.3,6.069,36.6,"Rain, Partially cloudy"
2024-03-31,12.8,6.8,68.9,0.035,18.2,"Rain, Partially cloudy"
2024-04-01,15.0,7.2,61.8,0.0,20.5,Partially cloudy
2024-04-02,18.0,6.7,51.3,0.0,20.5,Clear
2024-04-03,19.5,6.7,46.9,0.0,24.1,Clear
2024-04-04,11.3,5.6,68.6,3.199,34.9,"Rain, Partially cloudy"
2024-04-05,8.8,3.1,68.9,2.861,27.6,"Rain, Partially cloudy"
2024-04-06,9.5,3.2,68.2,0.0,14.9,Partially cloudy
2024-04-07,11.0,2.6,59.2,0.0,22.8,Partially cloudy
2024-04-08,12.6,2.9,53.9,0.0,13.3,Clear
2024-04-09,16.7,3.5,46.2,0.0,13.0,Clear
2024-04-10,19.6,5.6,42.5,0.0,22.2,Clear
2024-04-11,21.6,8.9,47.7,0.0,22.2,Clear
2024-04-12,22.6,7.8,44.6,0.0,27.7,Clear
2024-04-13,12.3,5.9,69.1,10.614,59.2,"Rain, Partially cloudy"
2024-04-14,10.2,6.3,77.7,3.454,31.6,"Rain, Partially cloudy"
2024-04-15,13.0,7.3,70.2,0.0,9.6,Partially cloudy
2024-04-16,16.4,8.3,60.9,0.0,22.2,Clear
2024-04-17,19.6,11.2,61.0,0.0,19.6,Clear
2024-04-18,21.4,11.2,55.4,0.0,13.1,Clear
2024-04-19,21.6,11.5,54.5,0.0,16.7,Clear
2024-04-20,21.7,10.6,52.1,0.0,20.6,Clear
2024-04-21,22.4,10.4,50.3,0.0,16.6,Clear
2024-04-22,23.8,10.4,45.3,0.0,25.8,Clear
2024-04-23,18.2,5.7,45.8,0.0,22.3,Clear
2024-04-24,15.9,7.6,59.2,0.0,18.5,Partially cloudy
2024-04-25,17.0,8.1,57.4,0.0,22.6,Partially cloudy
2024-04-26,16.2,7.5,57.6,0.0,26.0,Partially cloudy
2024-04-27,16.0,6.6,55.7,0.0,22.5,Partially cloudy
2024-04-28,18.4,7.0,50.0,0.0,23.2,Clear
2024-04-29,18.9,6.4,46.5,0.0,26.8,Clear
2024-04-30,19.3,4.7,40.4,0.0,20.6,Clear
2024-05-01,18.5,4.0,40.6,0.0,22.4,Clear
2024-05-02,20.1,4.2,37.4,0.0,20.5,Clear
2024-05-03,21.5,8.0,43.2,0.0,22.4,Clear
2024-05-04,16.9,8.6,60.7,2.467,35.2,"Rain, Partially cloudy"
2024-05-05,12.6,4.7,63.1,0.318,27.8,"Rain, Partially cloudy"
2024-05-06,14.7,3.1,49.1,0.0,18.5,Clear
2024-05-07,16.8,4.5,46.9,0.0,26.2,Clear
2024-05-08,18.8,4.0,40.0,0.0,18.3,Clear
2024-05-09,22.5,2.1,29.9,0.0,28.1,Clear
2024-05-10,23.9,3.5,28.6,0.0,20.5,Clear
2024-05-11,25.2,4.6,28.1,0.0,20.1,Clear
2024-05-12,26.7,5.3,26.3,0.0,20.6,Clear
2024-05-13,25.1,8.0,35.8,0.0,16.6,Clear
2024-05-14,25.1,7.7,35.7,0.0,22.3,Clear
2024-05-15,26.5,9.0,34.8,0.0,20.4,Clear
2024-05-16,27.2,10.3,36.8,0.0,20.6,Clear
2024-05-17,24.9,9.6,39.7,0.0,20.4,Clear
2024-05-18,23.7,9.1,40.7,0.0,27.6,Clear
2024-05-19,23.4,9.6,43.3,0.0,24.0,Clear
2024-05-20,22.0,3.4,32.4,0.0,29.4,Clear
2024-05-21,22.6,4.8,33.7,0.0,22.4,Clear
2024-05-22,24.0,2.7,27.7,0.0,24.2,Clear
2024-05-23,22.9,6.9,37.0,0.0,24.1,Clear
2024-05-24,21.8,2.8,30.2,0.0,33.3,Clear
2024-05-25,18.9,5.9,44.5,0.0,23.7,Clear
2024-05-26,20.8,9.1,50.0,0.0,16.6,Clear
2024-05-27,24.2,8.9,39.9,0.0,18.7,Clear
2024-05-28,25.4,7.7,34.0,0.0,22.6,Clear
2024-05-29,24.3,6.7,34.2,0.0,24.2,Clear
2024-05-30,25.8,7.7,33.5,0.0,20.9,Clear
2024-05-31,27.8,7.2,29.1,0.0,18.4,Clear
2024-06-01,27.6,6.0,27.4,0.0,29.7,Clear
2024-06-02,24.3,8.0,36.1,0.0,18.8,Clear
2024-06-03,24.9,12.1,45.3,0.0,24.2,Clear
2024-06-04,25.3,12.8,48.4,0.0,17.2,Clear
2024-06-05,30.9,14.2,37.3,0.0,18.4,Clear
2024-06-06,33.3,15.0,34.8,0.0,24.0,Clear
2024-06-07,31.5,9.7,28.7,0.0,29.5,Clear
2024-06-08,27.5,9.7,34.3,0.0,25.9,Clear
2024-06-09,26.7,8.6,34.0,0.0,18.5,Clear
2024-06-10,27.6,9.8,33.9,0.0,22.3,Clear
2024-06-11,30.7,12.1,33.4,0.0,24.1,Clear
2024-06-12,31.8,13.4,33.8,0.0,29.2,Clear
2024-06-13,29.1,9.4,30.8,0.0,29.2,Clear
2024-06-14,27.9,8.1,30.8,0.0,18.6,Clear
2024-06-15,25.8,3.0,24.5,0.0,20.7,Clear
2024-06-16,24.9,5.7,30.7,0.0,26.0,Clear
2024-06-17,23.4,6.2,33.6,0.0,30.0,Clear
2024-06-18,24.1,2.5,26.1,0.0,20.6,Clear
2024-06-19,25.5,2.4,24.7,0.0,22.3,Clear
2024-06-20,25.5,4.5,28.0,0.0,22.4,Clear
2024-06-21,27.4,7.2,29.3,0.0,18.5,Clear
2024-06-22,31.3,9.3,27.0,0.0,22.2,Clear
2024-06-23,33.9,7.1,19.7,0.0,24.1,Clear
2024-06-24,33.6,7.2,20.3,0.0,27.3,Clear
2024-06-25,33.0,10.7,26.7,0.0,29.3,Clear
2024-06-26,31.1,6.6,22.5,0.0,22.4,Clear
2024-06-27,28.7,7.7,28.8,0.0,20.7,Clear
2024-06-28,28.8,8.7,30.9,0.0,22.4,Clear
2024-06-29,30.2,7.8,26.0,0.0,20.6,Clear
2024-06-30,30.1,9.4,28.3,0.0,24.1,Clear
2024-07-01,30.0,12.5,36.2,0.011,24.1,Rain
2024-07-02,32.5,10.7,27.6,0.0,22.3,Clear
2024-07-03,34.8,11.6,25.9,0.0,25.8,Clear
2024-07-04,34.6,10.7,24.9,0.0,22.4,Clear
2024-07-05,33.9,12.1,29.5,0.0,20.6,Clear
2024-07-06,36.1,12.0,24.8,0.0,25.9,Clear
2024-07-07,37.2,12.9,24.6,0.0,20.7,Clear
2024-07-08,35.7,11.7,26.8,0.0,23.0,Clear
2024-07-09,33.7,11.2,27.0,0.0,23.0,Clear
2024-07-10,33.2,12.6,30.4,0.0,22.3,Clear
2024-07-11,34.9,13.1,28.1,0.0,18.5,Clear
2024-07-12,35.3,8.8,20.3,0.0,22.3,Clear
2024-07-13,35.0,12.1,25.8,0.0,20.3,Clear
2024-07-14,32.6,12.2,29.2,0.0,18.4,Clear
2024-07-15,31.8,10.3,27.4,0.0,16.7,Clear
2024-07-16,30.9,13.1,35.8,0.0,22.4,Clear
2024-07-17,28.6,12.4,39.4,0.0,24.1,Clear
2024-07-18,30.8,10.1,30.5,0.0,25.1,Clear
2024-07-19,32.3,9.8,25.7,0.0,22.3,Clear
2024-07-20,34.0,11.2,26.8,0.0,21.9,Clear
2024-07-21,32.6,10.7,26.7,0.0,21.9,Clear
2024-07-22,33.5,12.4,29.8,0.0,24.0,Clear
2024-07-23,35.2,10.5,22.7,0.0,20.6,Clear
2024-07-24,35.9,12.1,25.2,0.0,29.1,Clear
2024-07-25,34.1,12.9,28.6,0.0,24.1,Clear
2024-07-26,33.2,10.3,27.9,0.0,27.4,Clear
2024-07-27,28.3,5.1,23.9,0.0,22.3,Clear
2024-07-28,26.2,10.8,40.6,0.0,20.4,Clear
2024-07-29,27.6,8.2,29.7,0.0,18.3,Clear
2024-07-30,27.9,10.3,36.4,0.0,20.5,Clear
2024-07-31,29.0,10.0,32.4,0.0,20.4,Clear
2024-08-01,30.6,11.9,32.6,0.0,16.6,Clear
2024-08-02,30.1,11.3,31.9,0.0,23.9,Clear
2024-08-03,31.9,12.9,32.9,0.0,18.5,Clear
2024-08-04,33.3,12.9,30.4,0.0,22.4,Clear
2024-08-05,32.4,13.9,35.0,0.0,20.8,Clear
2024-08-06,32.6,12.8,33.3,0.0,22.3,Clear
2024-08-07,34.0,10.0,26.0,0.0,22.4,Clear
2024-08-08,32.7,6.0,20.9,0.0,20.7,Clear
2024-08-09,32.0,6.2,21.7,0.0,20.6,Clear
2024-08-10,31.8,7.6,24.0,0.0,22.4,Clear
2024-08-11,32.2,6.3,21.8,0.0,22.4,Clear
2024-08-12,30.3,9.2,29.1,0.0,24.2,Clear
2024-08-13,29.0,9.2,32.2,0.0,22.3,Clear
2024-08-14,28.0,8.8,31.9,0.0,27.0,Clear
2024-08-15,28.0,8.7,32.0,0.0,22.4,Clear
2024-08-16,28.6,8.8,30.3,0.0,20.5,Clear
2024-08-17,28.0,10.5,35.0,0.0,20.6,Clear
2024-08-18,25.9,14.0,50.0,0.0,18.4,Clear
2024-08-19,26.8,12.6,44.5,0.0,18.4,Clear
2024-08-20,27.6,10.4,37.4,0.0,18.3,Clear
2024-08-21,27.2,9.2,34.6,0.0,21.6,Clear
2024-08-22,26.3,7.8,33.2,0.0,23.9,Clear
2024-08-23,21.8,10.3,49.3,0.0,22.4,Clear
2024-08-24,21.7,9.5,47.3,0.0,25.8,Clear
2024-08-25,22.4,10.3,48.6,0.0,20.4,Clear
2024-08-26,26.1,9.9,37.8,0.0,22.4,Clear
2024-08-27,28.3,9.4,32.4,0.0,23.9,Clear
2024-08-28,30.0,8.1,27.1,0.0,16.6,Clear
2024-08-29,29.3,7.1,26.0,0.0,20.6,Clear
2024-08-30,28.8,8.7,29.8,0.0,15.0,Clear
2024-08-31,29.4,11.1,33.4,0.0,16.7,Clear
2024-09-01,29.8,12.4,35.9,0.0,16.7,Clear
2024-09-02,28.3,12.3,39.4,0.0,14.9,Clear
2024-09-03,29.1,12.5,37.7,0.0,21.9,Clear
2024-09-04,31.8,11.3,29.8,0.0,22.4,Clear
2024-09-05,31.2,10.7,29.6,0.0,22.0,Clear
2024-09-06,32.3,8.4,25.0,0.0,18.3,Clear
2024-09-07,31.5,8.5,25.1,0.0,20.5,Clear
2024-09-08,30.5,9.6,28.7,0.0,18.5,Clear
2024-09-09,32.0,8.2,24.8,0.0,24.1,Clear
2024-09-10,29.1,7.0,26.6,0.0,27.6,Clear
2024-09-11,24.9,6.7,32.2,0.0,22.5,Clear
2024-09-12,22.3,10.2,47.6,0.0,18.6,Clear
2024-09-13,24.8,9.6,39.6,0.0,18.5,Clear
2024-09-14,26.6,9.2,35.0,0.0,20.5,Clear
2024-09-15,25.2,7.3,33.1,0.0,29.5,Clear
2024-09-16,18.4,6.7,48.5,0.0,23.9,Clear
2024-09-17,19.3,8.1,50.8,0.0,23.7,Clear
2024-09-18,21.6,8.0,42.7,0.0,18.4,Clear
2024-09-19,21.8,9.7,46.9,0.0,18.4,Clear
2024-09-20,23.8,11.2,46.8,0.006,22.2,Rain
2024-09-21,25.9,10.1,38.5,0.0,18.4,Clear
2024-09-22,26.5,10.8,38.3,0.0,16.7,Clear
2024-09-23,27.8,11.9,39.0,0.0,20.4,Clear
2024-09-24,29.6,10.6,33.0,0.0,20.4,Clear
2024-09-25,28.9,6.8,25.5,0.0,25.9,Clear
2024-09-26,24.9,8.4,36.0,0.0,18.3,Clear
2024-09-27,25.4,10.0,39.0,0.0,13.1,Clear
2024-09-28,27.1,9.3,34.7,0.0,16.6,Clear
2024-09-29,26.2,7.9,32.2,0.0,18.4,Clear
2024-09-30,25.8,9.3,36.1,0.0,23.2,Clear
2024-10-01,27.8,11.2,36.8,0.0,23.1,Clear
2024-10-02,29.7,11.7,34.8,0.0,18.2,Clear
2024-10-03,31.1,10.1,29.2,0.0,16.6,Clear
2024-10-04,30.6,8.3,26.3,0.0,18.4,Clear
2024-10-05,29.8,7.6,26.2,0.0,13.1,Clear
2024-10-06,29.5,9.1,28.9,0.0,18.4,Clear
2024-10-07,29.1,10.5,32.5,0.0,14.9,Clear
2024-10-08,28.9,8.0,28.8,0.0,14.8,Clear
2024-10-09,27.2,7.0,28.7,0.0,18.3,Clear
2024-10-10,25.5,8.6,35.2,0.0,18.4,Clear
2024-10-11,24.4,9.2,40.0,0.0,16.7,Clear
2024-10-12,22.2,7.7,40.3,0.0,14.9,Clear
2024-10-13,20.9,11.2,54.2,0.0,21.0,Clear
2024-10-14,22.3,12.0,52.9,0.0,20.3,Clear
2024-10-15,22.8,12.9,54.8,0.0,16.6,Clear
2024-10-16,22.6,12.9,55.2,0.0,20.4,Clear
2024-10-17,19.8,10.9,58.6,0.0,28.0,Clear
2024-10-18,15.5,1.0,40.5,0.0,14.8,Clear
2024-10-19,17.8,-1.9,28.8,0.0,18.2,Clear
2024-10-20,20.6,-1.7,23.8,0.0,14.8,Clear
2024-10-21,20.4,-0.3,26.1,0.0,14.9,Clear
2024-10-22,19.8,2.2,32.2,0.0,12.9,Clear
2024-10-23,19.4,4.6,39.2,0.0,13.2,Clear
2024-10-24,18.2,5.6,44.6,0.0,11.0,Clear
2024-10-25,19.4,5.7,42.5,0.0,20.4,Clear
2024-10-26,18.8,6.9,47.1,0.0,11.2,Clear
2024-10-27,18.6,6.5,45.8,0.0,9.5,Clear
2024-10-28,16.0,5.9,52.7,0.0,24.3,Partially cloudy
2024-10-29,13.9,5.0,56.7,0.007,18.6,"Rain, Partially cloudy"
2024-10-30,14.5,2.4,46.2,0.0,13.1,Clear
2024-10-31,14.7,2.1,45.0,0.0,24.3,Clear
2024-11-01,13.9,5.7,58.5,0.0,14.8,Clear
2024-11-02,15.3,6.6,57.5,0.486,22.6,"Rain, Partially cloudy"
2024-11-03,13.3,6.3,63.3,0.002,18.4,"Rain, Partially cloudy"
2024-11-04,13.5,3.6,53.2,0.0,12.9,Clear
2024-11-05,13.4,3.1,50.7,0.0,13.2,Clear
2024-11-06,14.9,-2.3,37.7,0.0,38.8,Clear
2024-11-07,13.7,-3.8,33.5,0.0,17.2,Clear
2024-11-08,14.5,-6.1,24.6,0.0,12.7,Clear
2024-11-09,14.1,-3.8,29.8,0.0,12.9,Clear
2024-11-10,14.1,-1.4,35.6,0.0,11.2,Clear
2024-11-11,13.6,3.7,55.3,1.482,47.9,"Rain, Partially cloudy"
2024-11-12,11.5,6.8,75.2,0.0,13.1,Partially cloudy
2024-11-13,11.9,4.5,62.8,0.0,11.1,Clear
2024-11-14,11.9,5.3,65.1,0.0,15.0,Clear
2024-11-15,10.5,5.7,74.1,2.876,22.4,"Rain, Partially cloudy"
2024-11-16,9.2,2.6,65.0,0.0,16.8,Partially cloudy
2024-11-17,8.9,1.3,60.6,0.0,13.1,Clear
2024-11-18,8.9,3.6,69.7,0.0,17.1,Partially cloudy
2024-11-19,9.4,1.8,61.6,0.0,11.1,Clear
